item_id,timestamp,target
0,1972-12-31,3600.0
0,1973-12-31,7700.0
0,1974-12-31,12300.0
0,1975-12-31,30500.0
0,1976-12-31,47390.0
0,1977-12-31,57006.0
0,1978-12-31,98563.0
0,1979-12-31,117759.0
0,1980-12-31,115097.0
0,1981-12-31,133759.0
0,1982-12-31,142485.0
0,1983-12-31,169611.0
0,1984-12-31,216229.0
0,1985-12-31,253227.0
0,1986-12-31,313096.0
0,1987-12-31,322681.0
0,1988-12-31,296245.0
0,1989-12-31,370333.0
0,1990-12-31,443826.0
0,1991-12-31,426751.0
0,1992-12-31,453627.0
0,1993-12-31,553400.0
0,1994-12-31,588568.0
0,1995-12-31,646758.0
0,1996-12-31,849998.0
0,1997-12-31,1106740.0
0,1998-12-31,1184550.0
0,1999-12-31,1425090.0
1,1974-12-31,12654.0
1,1975-12-31,22879.0
1,1976-12-31,34164.0
1,1977-12-31,49524.0
1,1978-12-31,64761.0
1,1979-12-31,78199.0
1,1980-12-31,88626.0
1,1981-12-31,102168.0
1,1982-12-31,102758.0
1,1983-12-31,122442.0
1,1984-12-31,129900.0
1,1985-12-31,139706.0
1,1986-12-31,178858.0
1,1987-12-31,213162.0
1,1988-12-31,236026.0
1,1989-12-31,255542.0
1,1990-12-31,314269.0
1,1991-12-31,357822.0
1,1992-12-31,374755.0
1,1993-12-31,401439.0
1,1994-12-31,451875.0
1,1995-12-31,419245.0
1,1996-12-31,384040.0
1,1997-12-31,425507.0
1,1998-12-31,471077.0
1,1999-12-31,578326.0
1,2000-12-31,648954.0
1,2001-12-31,658827.0
1,2002-12-31,598742.0
2,1974-12-31,2142.0
2,1975-12-31,12935.0
2,1976-12-31,19130.0
2,1977-12-31,30500.0
2,1978-12-31,48177.0
2,1979-12-31,57462.0
2,1980-12-31,64420.0
2,1981-12-31,67689.0
2,1982-12-31,73598.0
2,1983-12-31,92086.0
2,1984-12-31,112223.0
2,1985-12-31,126902.0
2,1986-12-31,145346.0
2,1987-12-31,180153.0
2,1988-12-31,193760.0
2,1989-12-31,213266.0
2,1990-12-31,236272.0
2,1991-12-31,265299.0
2,1992-12-31,254948.0
2,1993-12-31,266798.0
2,1994-12-31,338846.0
2,1995-12-31,374028.0
2,1996-12-31,362207.0
2,1997-12-31,440716.0
2,1998-12-31,525201.0
2,1999-12-31,559479.0
2,2000-12-31,603419.0
2,2001-12-31,684536.0
2,2002-12-31,634477.0
3,1974-12-31,5774.0
3,1975-12-31,7650.0
3,1976-12-31,9271.0
3,1977-12-31,21447.0
3,1978-12-31,28998.0
3,1979-12-31,40991.0
3,1980-12-31,69030.0
3,1981-12-31,53926.0
3,1982-12-31,81376.0
3,1983-12-31,50023.0
3,1984-12-31,170673.0
3,1985-12-31,161909.0
3,1986-12-31,199636.0
3,1987-12-31,233006.0
3,1988-12-31,214539.0
3,1989-12-31,208055.0
3,1990-12-31,251314.0
3,1991-12-31,273587.0
3,1992-12-31,276606.0
3,1993-12-31,237456.0
3,1994-12-31,327433.0
3,1995-12-31,275882.0
3,1996-12-31,350083.0
3,1997-12-31,388275.0
3,1998-12-31,402869.0
3,1999-12-31,484266.0
3,2000-12-31,534545.0
3,2001-12-31,560496.0
3,2002-12-31,444027.0
4,1976-12-31,432312.0
4,1977-12-31,569011.0
4,1978-12-31,862673.0
4,1979-12-31,1155640.0
4,1980-12-31,1439290.0
4,1981-12-31,1606790.0
4,1982-12-31,1066970.0
4,1983-12-31,1376830.0
4,1984-12-31,1794940.0
4,1985-12-31,2436800.0
4,1986-12-31,2250550.0
4,1987-12-31,3796120.0
4,1988-12-31,4262250.0
4,1989-12-31,3127930.0
4,1990-12-31,1962500.0
4,1991-12-31,3815160.0
4,1992-12-31,4701770.0
4,1993-12-31,5700830.0
4,1994-12-31,7531090.0
4,1995-12-31,7465550.0
4,1996-12-31,7549150.0
4,1997-12-31,10028000.0
4,1998-12-31,9823530.0
4,1999-12-31,12443300.0
4,2000-12-31,10796400.0
4,2001-12-31,10989800.0
4,2002-12-31,9521970.0
4,2003-12-31,11233100.0
4,2004-12-31,12736000.0
4,2005-12-31,11395900.0
4,2006-12-31,14640200.0
4,2007-12-31,16494800.0
4,2008-12-31,16997000.0
4,2009-12-31,20734000.0
4,2010-12-31,20208500.0
4,2011-12-31,20026300.0
4,2012-12-31,22755400.0
4,2013-12-31,24295100.0
4,2014-12-31,18752400.0
4,2015-12-31,28263900.0
4,2016-12-31,30435200.0
4,2017-12-31,35798200.0
4,2018-12-31,31549500.0
4,2019-12-31,35724800.0
4,2020-12-31,47180900.0
5,1976-12-31,894.5
5,1977-12-31,1501.7
5,1978-12-31,1971.2
5,1979-12-31,2249.4
5,1980-12-31,3029.5
5,1981-12-31,2741.8
5,1982-12-31,2640.2
5,1983-12-31,4211.3
5,1984-12-31,4062.3
5,1985-12-31,5594.0
5,1986-12-31,4647.0
5,1987-12-31,6839.3
5,1988-12-31,5280.9
5,1989-12-31,6648.8
5,1990-12-31,6797.6
5,1991-12-31,6709.4
5,1992-12-31,8089.6
5,1993-12-31,8742.5
5,1994-12-31,9670.8
5,1995-12-31,11536.8
5,1996-12-31,12240.0
5,1997-12-31,10515.7
5,1998-12-31,14075.1
5,1999-12-31,14755.6
5,2000-12-31,14979.9
5,2001-12-31,16433.0
5,2002-12-31,20194.3
5,2003-12-31,23015.0
5,2004-12-31,23620.5
5,2005-12-31,24009.0
5,2006-12-31,28839.5
6,1972-12-31,332381.0
6,1973-12-31,352429.0
6,1974-12-31,358621.0
6,1975-12-31,424889.0
6,1976-12-31,509281.0
6,1977-12-31,519773.0
6,1978-12-31,563115.0
6,1979-12-31,633929.0
6,1980-12-31,790109.0
6,1981-12-31,847706.0
6,1982-12-31,1089790.0
6,1983-12-31,1216750.0
6,1984-12-31,1512060.0
6,1985-12-31,1570170.0
6,1986-12-31,1678910.0
6,1987-12-31,1832130.0
7,1970-12-31,283219.0
7,1971-12-31,326815.0
7,1972-12-31,408814.0
7,1973-12-31,440834.0
7,1974-12-31,460495.0
7,1975-12-31,506412.0
7,1976-12-31,521709.0
7,1977-12-31,526752.0
7,1978-12-31,548179.0
7,1979-12-31,581729.0
7,1980-12-31,638296.0
7,1981-12-31,701519.0
7,1982-12-31,767471.0
7,1983-12-31,899282.0
7,1984-12-31,1013150.0
7,1985-12-31,1142370.0
7,1986-12-31,1509540.0
8,1971-12-31,506190.0
8,1972-12-31,534047.0
8,1973-12-31,581982.0
8,1974-12-31,576326.0
8,1975-12-31,604878.0
8,1976-12-31,673833.0
8,1977-12-31,722014.0
8,1978-12-31,806581.0
8,1979-12-31,862129.0
8,1980-12-31,931630.0
8,1981-12-31,1025350.0
8,1982-12-31,1315560.0
8,1983-12-31,1383340.0
8,1984-12-31,1462760.0
8,1985-12-31,1604000.0
9,1977-12-31,19.13
9,1978-12-31,21.67
9,1979-12-31,21.17
9,1980-12-31,23.37
9,1981-12-31,25.36
9,1982-12-31,27.45
9,1983-12-31,27.41
9,1984-12-31,28.06
9,1985-12-31,30.77
9,1986-12-31,32.69
9,1987-12-31,32.59
9,1988-12-31,36.02
9,1989-12-31,38.16
9,1990-12-31,39.99
9,1991-12-31,40.38
9,1992-12-31,44.98
9,1993-12-31,48.99
9,1994-12-31,50.62
9,1995-12-31,51.79
9,1996-12-31,54.25
9,1997-12-31,52.66
9,1998-12-31,56.86
9,1999-12-31,55.11
9,2000-12-31,43.62
9,2001-12-31,39.45
9,2002-12-31,41.42
9,2003-12-31,39.67
9,2004-12-31,47.12
9,2005-12-31,50.61
9,2006-12-31,53.93
9,2007-12-31,52.96
9,2008-12-31,56.82
9,2009-12-31,59.0
9,2010-12-31,56.35
9,2011-12-31,52.5
9,2012-12-31,55.2
10,1977-12-31,2075.0
10,1978-12-31,2359.0
10,1979-12-31,2101.0
10,1980-12-31,2371.0
10,1981-12-31,2700.0
10,1982-12-31,2850.0
10,1983-12-31,2994.0
10,1984-12-31,3192.0
10,1985-12-31,3309.0
10,1986-12-31,3481.0
10,1987-12-31,4041.0
10,1988-12-31,4348.0
10,1989-12-31,4499.0
10,1990-12-31,4869.0
10,1991-12-31,5309.0
10,1992-12-31,5681.0
10,1993-12-31,6335.0
10,1994-12-31,6725.0
10,1995-12-31,7168.0
10,1996-12-31,8025.0
10,1997-12-31,8447.0
10,1998-12-31,8117.98
10,1999-12-31,8640.98
10,2000-12-31,9736.98
10,2001-12-31,10204.0
10,2002-12-31,8052.98
10,2003-12-31,9743.98
11,1976-12-31,2197.0
11,1977-12-31,2394.0
11,1978-12-31,7308.0
11,1979-12-31,22583.0
11,1980-12-31,53193.0
11,1981-12-31,88205.0
11,1982-12-31,109607.0
11,1983-12-31,157296.0
11,1984-12-31,171519.0
11,1985-12-31,201616.0
11,1986-12-31,244195.0
11,1987-12-31,276386.0
11,1988-12-31,310198.0
11,1989-12-31,340657.0
11,1990-12-31,351933.0
11,1991-12-31,373037.0
11,1992-12-31,437702.0
11,1993-12-31,545312.0
11,1994-12-31,641389.0
11,1995-12-31,789188.0
11,1996-12-31,931918.0
11,1997-12-31,907996.0
11,1998-12-31,968054.0
11,1999-12-31,1064530.0
11,2000-12-31,1194120.0
11,2001-12-31,1334710.0
11,2002-12-31,1425000.0
11,2003-12-31,1711840.0
11,2004-12-31,1820390.0
11,2005-12-31,2127440.0
11,2006-12-31,2370370.0
11,2007-12-31,2836800.0
11,2008-12-31,2938130.0
11,2009-12-31,3597020.0
12,1976-12-31,263.0
12,1977-12-31,992.0
12,1978-12-31,437.0
12,1979-12-31,35.0
12,1980-12-31,55.0
12,1981-12-31,140.0
12,1982-12-31,205.0
12,1983-12-31,175.0
12,1984-12-31,150.0
12,1985-12-31,620.0
12,1986-12-31,1085.0
12,1987-12-31,358.0
12,1988-12-31,611.0
12,1989-12-31,184.0
12,1990-12-31,137.0
12,1991-12-31,260.0
12,1992-12-31,297.0
12,1993-12-31,682.0
12,1994-12-31,893.0
12,1995-12-31,463.0
12,1996-12-31,575.0
12,1997-12-31,593.0
12,1998-12-31,645.0
12,1999-12-31,644.0
12,2000-12-31,634.0
12,2001-12-31,124.0
12,2002-12-31,32.0
12,2003-12-31,208.0
12,2004-12-31,457.0
12,2005-12-31,508.0
12,2006-12-31,1832.0
12,2007-12-31,4037.0
12,2008-12-31,4589.0
12,2009-12-31,6250.0
12,2010-12-31,11721.0
12,2011-12-31,14148.0
12,2012-12-31,15488.0
12,2013-12-31,13450.0
12,2014-12-31,18689.0
12,2015-12-31,17130.0
12,2016-12-31,22637.0
12,2017-12-31,28413.0
12,2018-12-31,30468.0
12,2019-12-31,32233.0
12,2020-12-31,38038.0
12,2021-12-31,36343.0
12,2022-12-31,44401.0
12,2023-12-31,47154.0
12,2024-12-31,45339.0
12,2025-12-31,52735.0
12,2026-12-31,50558.0
12,2027-12-31,50423.0
12,2028-12-31,41229.9
12,2029-12-31,41090.9
12,2030-12-31,55845.9
12,2031-12-31,62426.8
12,2032-12-31,70832.8
12,2033-12-31,85633.8
13,1976-12-31,23180.0
13,1977-12-31,21827.0
13,1978-12-31,32567.0
13,1979-12-31,9717.0
13,1980-12-31,27319.0
13,1981-12-31,42528.0
13,1982-12-31,75036.0
13,1983-12-31,99206.0
13,1984-12-31,148432.0
13,1985-12-31,169532.0
13,1986-12-31,291222.0
13,1987-12-31,341360.0
13,1988-12-31,421484.0
13,1989-12-31,595368.0
13,1990-12-31,583326.0
13,1991-12-31,655035.0
13,1992-12-31,752561.0
13,1993-12-31,881158.0
13,1994-12-31,836680.0
13,1995-12-31,815451.0
13,1996-12-31,866498.0
13,1997-12-31,919985.0
13,1998-12-31,921579.0
13,1999-12-31,885586.0
13,2000-12-31,788831.0
13,2001-12-31,593998.0
13,2002-12-31,624498.0
14,1977-12-31,574.9
14,1978-12-31,519.3
14,1979-12-31,545.5
14,1980-12-31,562.9
14,1981-12-31,630.2
14,1982-12-31,679.8
14,1983-12-31,702.9
14,1984-12-31,733.0
14,1985-12-31,836.3
14,1986-12-31,911.5
14,1987-12-31,1015.8
14,1988-12-31,1041.9
14,1989-12-31,1128.8
14,1990-12-31,1319.4
14,1991-12-31,1709.2
14,1992-12-31,1412.0
14,1993-12-31,1729.3
14,1994-12-31,1817.7
15,1973-12-31,4.97
15,1974-12-31,5.09
15,1975-12-31,5.21
15,1976-12-31,5.37
15,1977-12-31,5.59
15,1978-12-31,5.81
15,1979-12-31,6.02
15,1980-12-31,6.13
15,1981-12-31,6.33
15,1982-12-31,6.6
15,1983-12-31,6.91
15,1984-12-31,7.07
15,1985-12-31,7.18
15,1986-12-31,7.27
15,1987-12-31,7.44
15,1988-12-31,7.56
15,1989-12-31,7.63
15,1990-12-31,8.08
15,1991-12-31,8.18
15,1992-12-31,8.35
15,1993-12-31,8.58
15,1994-12-31,8.84
15,1995-12-31,8.88
15,1996-12-31,8.92
15,1997-12-31,9.02
15,1998-12-31,9.16
15,1999-12-31,9.31
16,1972-12-31,1045.0
16,1973-12-31,12031.0
16,1974-12-31,20306.0
16,1975-12-31,25513.0
16,1976-12-31,35766.0
16,1977-12-31,37868.0
16,1978-12-31,47797.0
16,1979-12-31,66621.0
16,1980-12-31,50626.0
16,1981-12-31,41184.0
16,1982-12-31,42929.0
16,1983-12-31,45495.0
16,1984-12-31,45044.0
16,1985-12-31,47903.0
16,1986-12-31,41512.0
16,1987-12-31,33061.0
16,1988-12-31,58243.0
16,1989-12-31,43464.0
16,1990-12-31,65667.0
16,1991-12-31,80389.0
16,1992-12-31,75747.0
16,1993-12-31,72606.0
16,1994-12-31,71755.0
16,1995-12-31,70845.8
16,1996-12-31,72951.8
16,1997-12-31,98107.7
16,1998-12-31,103942.0
16,1999-12-31,105244.0
16,2000-12-31,115841.0
17,1972-12-31,5.0
17,1973-12-31,8536.0
17,1974-12-31,18971.0
17,1975-12-31,32850.0
17,1976-12-31,70608.0
17,1977-12-31,86077.0
17,1978-12-31,100525.0
17,1979-12-31,121461.0
17,1980-12-31,120460.0
17,1981-12-31,157851.0
17,1982-12-31,176392.0
17,1983-12-31,219000.0
17,1984-12-31,269540.0
17,1985-12-31,367673.0
17,1986-12-31,461099.0
17,1987-12-31,484684.0
17,1988-12-31,349699.0
17,1989-12-31,499888.0
17,1990-12-31,588478.0
17,1991-12-31,476008.0
17,1992-12-31,504507.0
17,1993-12-31,666224.0
17,1994-12-31,706620.0
17,1995-12-31,734453.0
17,1996-12-31,911262.0
17,1997-12-31,1055800.0
17,1998-12-31,1069070.0
17,1999-12-31,1202480.0
18,1972-12-31,2189.29
18,1973-12-31,2830.64
18,1974-12-31,2256.02
18,1975-12-31,2698.04
18,1976-12-31,3372.33
18,1977-12-31,4064.82
18,1978-12-31,3829.08
18,1979-12-31,4046.62
18,1980-12-31,4135.89
18,1981-12-31,4895.12
18,1982-12-31,5244.4
18,1983-12-31,5479.28
18,1984-12-31,5365.74
18,1985-12-31,5691.62
18,1986-12-31,5657.82
18,1987-12-31,5970.7
18,1988-12-31,6346.85
18,1989-12-31,6140.57
18,1990-12-31,6846.93
18,1991-12-31,7268.15
18,1992-12-31,6856.47
18,1993-12-31,7288.07
18,1994-12-31,9176.6
18,1995-12-31,10314.6
18,1996-12-31,10476.6
18,1997-12-31,11626.8
18,1998-12-31,11363.3
19,1972-12-31,141.0
19,1973-12-31,863.0
19,1974-12-31,2245.0
19,1975-12-31,5202.0
19,1976-12-31,8637.0
19,1977-12-31,8559.0
19,1978-12-31,5065.0
19,1979-12-31,6034.0
19,1980-12-31,3534.0
19,1981-12-31,3841.0
19,1982-12-31,6252.0
19,1983-12-31,10013.0
19,1984-12-31,18869.0
19,1985-12-31,21551.0
19,1986-12-31,20961.0
19,1987-12-31,16208.0
19,1988-12-31,19348.0
19,1989-12-31,15198.0
19,1990-12-31,17242.0
19,1991-12-31,21784.0
19,1992-12-31,20244.0
19,1993-12-31,18139.0
19,1994-12-31,17167.0
19,1995-12-31,15288.0
19,1996-12-31,18788.0
19,1997-12-31,18003.0
19,1998-12-31,9844.97
19,1999-12-31,11698.0
20,1964-12-31,51.4
20,1965-12-31,49.3
20,1966-12-31,50.0
20,1967-12-31,57.0
20,1968-12-31,61.6
20,1969-12-31,56.8
20,1970-12-31,51.4
20,1971-12-31,45.8
20,1972-12-31,40.1
20,1973-12-31,35.7
20,1974-12-31,32.8
20,1975-12-31,27.7
20,1976-12-31,26.9
20,1977-12-31,22.8
20,1978-12-31,22.3
20,1979-12-31,20.6
20,1980-12-31,14.5
20,1981-12-31,6.2
20,1982-12-31,5.4
21,1973-12-31,2.57
21,1974-12-31,2.58
21,1975-12-31,2.6
21,1976-12-31,2.63
21,1977-12-31,2.64
21,1978-12-31,2.65
21,1979-12-31,2.65
21,1980-12-31,2.66
21,1981-12-31,2.67
21,1982-12-31,2.68
21,1983-12-31,2.71
21,1984-12-31,2.71
21,1985-12-31,2.73
21,1986-12-31,2.74
21,1987-12-31,2.76
21,1988-12-31,2.76
21,1989-12-31,2.76
21,1990-12-31,2.77
21,1991-12-31,2.78
21,1992-12-31,2.79
22,1976-12-31,131.5
22,1977-12-31,576.5
22,1978-12-31,1033.8
22,1979-12-31,1223.2
22,1980-12-31,1202.9
22,1981-12-31,1232.0
22,1982-12-31,1345.4
22,1983-12-31,1503.2
22,1984-12-31,1675.4
22,1985-12-31,1870.0
22,1986-12-31,2176.3
22,1987-12-31,2355.6
22,1988-12-31,2336.9
22,1989-12-31,2308.4
22,1990-12-31,2206.1
22,1991-12-31,2064.0
22,1992-12-31,1919.4
22,1993-12-31,1517.7
22,1994-12-31,1147.9
22,1995-12-31,924.4
22,1996-12-31,729.4
22,1997-12-31,646.3
22,1998-12-31,644.6
23,1976-12-31,11.5
23,1977-12-31,143.2
23,1978-12-31,178.3
23,1979-12-31,122.1
23,1980-12-31,110.8
23,1981-12-31,92.7
23,1982-12-31,93.6
23,1983-12-31,79.5
23,1984-12-31,74.0
23,1985-12-31,84.0
23,1986-12-31,84.1
23,1987-12-31,79.0
23,1988-12-31,71.6
23,1989-12-31,65.1
23,1990-12-31,57.5
23,1991-12-31,51.5
23,1992-12-31,44.6
23,1993-12-31,40.9
23,1994-12-31,39.4
24,1976-12-31,0.1
24,1977-12-31,65.3
24,1978-12-31,233.9
24,1979-12-31,297.2
24,1980-12-31,307.3
24,1981-12-31,307.5
24,1982-12-31,251.1
24,1983-12-31,177.8
24,1984-12-31,126.3
24,1985-12-31,101.4
24,1986-12-31,100.1
24,1987-12-31,88.4
24,1988-12-31,91.1
24,1989-12-31,85.9
24,1990-12-31,86.4
24,1991-12-31,81.9
24,1992-12-31,86.7
24,1993-12-31,101.9
24,1994-12-31,86.8
24,1995-12-31,73.6
24,1996-12-31,61.2
24,1997-12-31,57.8
24,1998-12-31,54.4
24,1999-12-31,54.0
24,2000-12-31,49.5
24,2001-12-31,57.3
24,2002-12-31,49.3
24,2003-12-31,68.1
25,1973-12-31,18820900.0
25,1974-12-31,18322300.0
25,1975-12-31,19123200.0
25,1976-12-31,13393000.0
25,1977-12-31,14257400.0
25,1978-12-31,15941100.0
25,1979-12-31,14944300.0
25,1980-12-31,14676900.0
25,1981-12-31,16108800.0
25,1982-12-31,19436000.0
25,1983-12-31,21032000.0
25,1984-12-31,21275000.0
25,1985-12-31,20525000.0
25,1986-12-31,20371900.0
25,1987-12-31,21767900.0
25,1988-12-31,20585900.0
25,1989-12-31,17439000.0
25,1990-12-31,18334000.0
25,1991-12-31,23701900.0
26,1974-12-31,13553800.0
26,1975-12-31,13198800.0
26,1976-12-31,13535700.0
26,1977-12-31,9686230.0
26,1978-12-31,10267800.0
26,1979-12-31,11418700.0
26,1980-12-31,10044500.0
26,1981-12-31,10390800.0
26,1982-12-31,10987000.0
26,1983-12-31,12762000.0
26,1984-12-31,14319000.0
26,1985-12-31,13849000.0
26,1986-12-31,13056000.0
26,1987-12-31,14394000.0
26,1988-12-31,14481000.0
26,1989-12-31,13838000.0
26,1990-12-31,12577000.0
26,1991-12-31,12494000.0
26,1992-12-31,16627000.0
27,1977-12-31,2022.0
27,1978-12-31,9193.0
27,1979-12-31,3687.0
27,1980-12-31,3554.0
27,1981-12-31,3046.0
27,1982-12-31,1807.0
27,1983-12-31,1380.0
27,1984-12-31,1911.0
27,1985-12-31,3342.0
27,1986-12-31,1056.0
27,1987-12-31,1775.0
27,1988-12-31,2471.0
27,1989-12-31,1545.0
27,1990-12-31,2901.0
27,1991-12-31,4419.0
27,1992-12-31,2846.0
27,1993-12-31,3442.0
27,1994-12-31,2220.0
27,1995-12-31,2800.0
27,1996-12-31,2383.0
27,1997-12-31,2073.0
27,1998-12-31,1798.0
27,1999-12-31,2418.0
27,2000-12-31,2328.0
27,2001-12-31,1665.0
27,2002-12-31,2388.0
27,2003-12-31,2089.0
27,2004-12-31,2841.0
27,2005-12-31,3044.0
27,2006-12-31,2952.0
27,2007-12-31,2116.0
27,2008-12-31,2938.0
27,2009-12-31,3482.0
27,2010-12-31,2407.99
27,2011-12-31,2931.99
27,2012-12-31,4063.99
27,2013-12-31,2194.99
27,2014-12-31,1743.0
27,2015-12-31,7361.98
28,1977-12-31,589.0
28,1978-12-31,635.0
28,1979-12-31,671.0
28,1980-12-31,671.0
28,1981-12-31,671.0
28,1982-12-31,708.0
28,1983-12-31,708.0
28,1984-12-31,762.0
28,1985-12-31,800.0
28,1986-12-31,815.0
28,1987-12-31,800.0
28,1988-12-31,773.0
28,1989-12-31,760.0
28,1990-12-31,780.0
28,1991-12-31,727.0
28,1992-12-31,770.0
28,1993-12-31,784.0
28,1994-12-31,841.0
28,1995-12-31,858.0
28,1996-12-31,811.0
28,1997-12-31,800.0
28,1998-12-31,810.0
28,1999-12-31,859.0
28,2000-12-31,872.0
28,2001-12-31,885.0
28,2002-12-31,881.0
29,1977-12-31,553.0
29,1978-12-31,631.0
29,1979-12-31,546.0
29,1980-12-31,601.0
29,1981-12-31,699.0
29,1982-12-31,724.0
29,1983-12-31,737.0
29,1984-12-31,750.0
29,1985-12-31,742.0
29,1986-12-31,787.0
29,1987-12-31,828.0
29,1988-12-31,826.0
29,1989-12-31,796.0
29,1990-12-31,791.0
29,1991-12-31,749.0
29,1992-12-31,751.0
29,1993-12-31,740.0
29,1994-12-31,764.0
29,1995-12-31,812.0
29,1996-12-31,851.0
29,1997-12-31,828.0
29,1998-12-31,770.0
29,1999-12-31,758.0
29,2000-12-31,799.0
29,2001-12-31,858.0
29,2002-12-31,725.0
29,2003-12-31,812.0
29,2004-12-31,844.0
30,1977-12-31,77.2
30,1978-12-31,130.5
30,1979-12-31,136.2
30,1980-12-31,108.9
30,1981-12-31,109.9
30,1982-12-31,119.3
30,1983-12-31,119.3
30,1984-12-31,121.1
30,1985-12-31,110.5
30,1986-12-31,100.8
30,1987-12-31,101.5
30,1988-12-31,102.4
30,1989-12-31,96.0
30,1990-12-31,94.6
30,1991-12-31,99.2
30,1992-12-31,101.6
30,1993-12-31,95.4
30,1994-12-31,92.3
30,1995-12-31,77.2
30,1996-12-31,88.0
30,1997-12-31,100.0
30,1998-12-31,100.8
30,1999-12-31,89.7
30,2000-12-31,91.5
30,2001-12-31,112.0
30,2002-12-31,141.2
30,2003-12-31,143.4
30,2004-12-31,130.0
31,1977-12-31,111.0
31,1978-12-31,115.0
31,1979-12-31,146.0
31,1980-12-31,139.0
31,1981-12-31,131.0
31,1982-12-31,153.0
31,1983-12-31,184.0
31,1984-12-31,159.0
31,1985-12-31,163.0
31,1986-12-31,139.0
31,1987-12-31,189.0
31,1988-12-31,209.0
31,1989-12-31,259.0
31,1990-12-31,175.0
31,1991-12-31,189.0
31,1992-12-31,239.0
31,1993-12-31,247.0
31,1994-12-31,249.0
31,1995-12-31,257.0
31,1996-12-31,190.0
32,1977-12-31,1565.0
32,1978-12-31,1805.0
32,1979-12-31,1695.0
32,1980-12-31,1969.0
32,1981-12-31,2301.0
32,1982-12-31,2515.0
32,1983-12-31,2687.0
32,1984-12-31,2844.0
32,1985-12-31,2919.0
32,1986-12-31,3111.0
32,1987-12-31,3434.0
32,1988-12-31,3524.0
32,1989-12-31,3609.0
32,1990-12-31,3740.0
32,1991-12-31,4024.0
32,1992-12-31,4039.0
32,1993-12-31,4143.0
32,1994-12-31,4212.0
32,1995-12-31,4741.0
32,1996-12-31,5182.0
32,1997-12-31,5504.0
32,1998-12-31,5582.0
32,1999-12-31,5854.99
32,2000-12-31,6373.98
32,2001-12-31,6513.98
32,2002-12-31,5265.99
32,2003-12-31,6393.98
32,2004-12-31,6602.98
33,1977-12-31,74.4
33,1978-12-31,121.0
33,1979-12-31,116.9
33,1980-12-31,97.0
33,1981-12-31,95.4
33,1982-12-31,98.7
33,1983-12-31,98.5
33,1984-12-31,100.8
33,1985-12-31,99.1
33,1986-12-31,95.0
33,1987-12-31,95.2
33,1988-12-31,97.1
33,1989-12-31,97.1
33,1990-12-31,96.2
33,1991-12-31,96.0
33,1992-12-31,97.5
33,1993-12-31,97.7
33,1994-12-31,96.2
33,1995-12-31,96.0
33,1996-12-31,98.2
33,1997-12-31,100.0
33,1998-12-31,101.4
33,1999-12-31,99.0
33,2000-12-31,104.6
33,2001-12-31,140.5
33,2002-12-31,145.1
33,2003-12-31,136.2
33,2004-12-31,135.9
34,1976-12-31,9160.0
34,1977-12-31,8837.0
34,1978-12-31,7907.0
34,1979-12-31,7104.0
34,1980-12-31,7103.0
34,1981-12-31,7948.0
34,1982-12-31,8385.0
34,1983-12-31,6944.0
34,1984-12-31,6677.0
34,1985-12-31,6932.0
34,1986-12-31,7739.0
34,1987-12-31,8489.0
34,1988-12-31,8496.0
34,1989-12-31,8095.0
34,1990-12-31,8799.0
34,1991-12-31,8891.0
34,1992-12-31,9010.0
34,1993-12-31,8753.0
34,1994-12-31,8951.0
34,1995-12-31,9395.0
34,1996-12-31,9383.0
34,1997-12-31,9596.98
34,1998-12-31,9591.98
34,1999-12-31,9201.98
34,2000-12-31,9904.97
34,2001-12-31,9027.98
34,2002-12-31,10300.0
35,1976-12-31,186.25
35,1977-12-31,163.98
35,1978-12-31,168.01
35,1979-12-31,192.57
35,1980-12-31,188.93
35,1981-12-31,191.09
35,1982-12-31,189.77
35,1983-12-31,183.35
35,1984-12-31,186.11
35,1985-12-31,194.35
35,1986-12-31,195.56
35,1987-12-31,194.11
35,1988-12-31,195.18
35,1989-12-31,197.85
35,1990-12-31,198.68
35,1991-12-31,186.42
35,1992-12-31,174.72
35,1993-12-31,187.57
35,1994-12-31,207.95
35,1995-12-31,213.91
35,1996-12-31,217.37
35,1997-12-31,240.67
35,1998-12-31,273.29
35,1999-12-31,256.07
35,2000-12-31,274.25
36,1977-12-31,54.2
36,1978-12-31,65.1
36,1979-12-31,97.0
36,1980-12-31,91.5
36,1981-12-31,86.7
36,1982-12-31,113.3
36,1983-12-31,111.8
36,1984-12-31,111.7
36,1985-12-31,103.8
36,1986-12-31,79.1
36,1987-12-31,78.5
36,1988-12-31,96.3
36,1989-12-31,93.2
36,1990-12-31,81.1
36,1991-12-31,84.2
36,1992-12-31,87.4
36,1993-12-31,88.3
36,1994-12-31,79.3
36,1995-12-31,73.6
36,1996-12-31,83.9
36,1997-12-31,100.0
36,1998-12-31,102.8
36,1999-12-31,93.6
36,2000-12-31,90.6
36,2001-12-31,105.4
36,2002-12-31,118.7
36,2003-12-31,112.8
36,2004-12-31,122.7
37,1977-12-31,3315.0
37,1978-12-31,3924.0
37,1979-12-31,3838.0
37,1980-12-31,3874.0
37,1981-12-31,4082.0
37,1982-12-31,4221.0
37,1983-12-31,4513.0
37,1984-12-31,4978.0
37,1985-12-31,5352.0
37,1986-12-31,5351.0
37,1987-12-31,5376.0
37,1988-12-31,5828.0
37,1989-12-31,6809.0
37,1990-12-31,7167.0
37,1991-12-31,7822.0
37,1992-12-31,8233.0
37,1993-12-31,8376.0
37,1994-12-31,9429.0
37,1995-12-31,10212.0
37,1996-12-31,10824.0
37,1997-12-31,10936.0
37,1998-12-31,12053.0
37,1999-12-31,11876.0
37,2000-12-31,12611.0
37,2001-12-31,13454.0
37,2002-12-31,13645.0
37,2003-12-31,14034.0
37,2004-12-31,14184.0
38,1976-12-31,3007.0
38,1977-12-31,3010.0
38,1978-12-31,3192.0
38,1979-12-31,3323.0
38,1980-12-31,3680.0
38,1981-12-31,3955.0
38,1982-12-31,4214.0
38,1983-12-31,4107.0
38,1984-12-31,4033.0
38,1985-12-31,4388.0
38,1986-12-31,4721.0
38,1987-12-31,5044.0
38,1988-12-31,5336.0
38,1989-12-31,5639.0
38,1990-12-31,6208.0
38,1991-12-31,6626.0
38,1992-12-31,7349.0
38,1993-12-31,7557.0
38,1994-12-31,8297.0
38,1995-12-31,9288.0
38,1996-12-31,9050.0
38,1997-12-31,9823.97
38,1998-12-31,10487.0
38,1999-12-31,11367.0
38,2000-12-31,11933.0
38,2001-12-31,9015.98
38,2002-12-31,11048.0
39,1976-12-31,6180.0
39,1977-12-31,6555.0
39,1978-12-31,6533.0
39,1979-12-31,6692.0
39,1980-12-31,6940.0
39,1981-12-31,7258.0
39,1982-12-31,7681.0
39,1983-12-31,7530.0
39,1984-12-31,7331.0
39,1985-12-31,7756.0
39,1986-12-31,8095.0
39,1987-12-31,8156.0
39,1988-12-31,8245.0
39,1989-12-31,8472.0
39,1990-12-31,9285.0
39,1991-12-31,9855.0
39,1992-12-31,10791.0
39,1993-12-31,10573.0
39,1994-12-31,10721.0
39,1995-12-31,11710.0
39,1996-12-31,11626.0
39,1997-12-31,11582.0
39,1998-12-31,12341.0
39,1999-12-31,13033.0
39,2000-12-31,13644.0
39,2001-12-31,10406.0
39,2002-12-31,12351.0
40,1976-12-31,15858.0
40,1977-12-31,16878.0
40,1978-12-31,16168.0
40,1979-12-31,16782.0
40,1980-12-31,17006.0
40,1981-12-31,18841.0
40,1982-12-31,18036.0
40,1983-12-31,16429.0
40,1984-12-31,16159.0
40,1985-12-31,17072.0
40,1986-12-31,17943.0
40,1987-12-31,18483.0
40,1988-12-31,19908.0
40,1989-12-31,22150.0
40,1990-12-31,21902.0
40,1991-12-31,24302.0
40,1992-12-31,23496.0
40,1993-12-31,23347.0
40,1994-12-31,25162.0
40,1995-12-31,25677.0
40,1996-12-31,25408.0
40,1997-12-31,29246.9
40,1998-12-31,31765.9
40,1999-12-31,34866.9
40,2000-12-31,31151.9
40,2001-12-31,25741.9
40,2002-12-31,35109.9
41,1976-12-31,40.0
41,1977-12-31,40.0
41,1978-12-31,40.0
41,1979-12-31,52.0
41,1980-12-31,80.0
41,1981-12-31,72.0
41,1982-12-31,84.0
41,1983-12-31,97.0
41,1984-12-31,103.0
41,1985-12-31,122.0
41,1986-12-31,160.0
41,1987-12-31,165.0
41,1988-12-31,198.0
41,1989-12-31,235.0
41,1990-12-31,262.0
41,1991-12-31,313.0
41,1992-12-31,380.0
41,1993-12-31,397.0
41,1994-12-31,448.0
41,1995-12-31,492.0
41,1996-12-31,559.0
41,1997-12-31,545.0
41,1998-12-31,674.0
41,1999-12-31,795.0
41,2000-12-31,959.0
41,2001-12-31,1070.0
41,2002-12-31,1228.0
42,1976-12-31,248.0
42,1977-12-31,261.0
42,1978-12-31,261.0
42,1979-12-31,290.0
42,1980-12-31,315.0
42,1981-12-31,333.0
42,1982-12-31,381.0
42,1983-12-31,363.0
42,1984-12-31,416.0
42,1985-12-31,440.0
42,1986-12-31,474.0
42,1987-12-31,533.0
42,1988-12-31,602.0
42,1989-12-31,657.0
42,1990-12-31,718.0
42,1991-12-31,753.0
42,1992-12-31,813.0
42,1993-12-31,944.0
42,1994-12-31,1006.0
42,1995-12-31,1073.0
42,1996-12-31,1219.0
42,1997-12-31,1357.0
42,1998-12-31,1345.0
42,1999-12-31,1588.0
42,2000-12-31,1854.0
42,2001-12-31,1646.0
42,2002-12-31,2009.99
43,1976-12-31,7400.0
43,1977-12-31,7413.0
43,1978-12-31,7254.0
43,1979-12-31,6226.0
43,1980-12-31,6534.0
43,1981-12-31,6092.0
43,1982-12-31,5700.0
43,1983-12-31,6100.0
43,1984-12-31,6300.0
43,1985-12-31,5363.0
43,1986-12-31,5531.0
43,1987-12-31,5661.0
43,1988-12-31,6072.0
43,1989-12-31,6618.0
43,1990-12-31,6965.0
43,1991-12-31,7467.0
43,1992-12-31,8035.0
43,1993-12-31,8099.98
43,1994-12-31,7549.98
43,1995-12-31,7108.98
43,1996-12-31,6851.98
43,1997-12-31,7394.98
43,1998-12-31,7394.98
44,1976-12-31,1083.0
44,1977-12-31,2666.0
44,1978-12-31,2393.0
44,1979-12-31,3109.0
44,1980-12-31,5071.0
44,1981-12-31,3407.0
44,1982-12-31,2901.0
44,1983-12-31,1750.0
44,1984-12-31,2332.0
44,1985-12-31,2760.0
44,1986-12-31,5020.0
44,1987-12-31,5620.0
44,1988-12-31,8302.0
44,1989-12-31,9226.0
44,1990-12-31,4670.0
44,1991-12-31,2843.0
44,1992-12-31,10829.0
44,1993-12-31,12548.0
44,1994-12-31,10614.0
44,1995-12-31,8300.0
44,1996-12-31,4476.0
44,1997-12-31,3260.0
44,1998-12-31,5792.0
44,1999-12-31,5992.0
44,2000-12-31,6440.0
44,2001-12-31,9101.0
44,2002-12-31,11379.0
44,2003-12-31,11053.0
44,2004-12-31,9502.0
44,2005-12-31,15702.0
44,2006-12-31,15283.0
44,2007-12-31,17872.0
44,2008-12-31,19264.0
44,2009-12-31,18146.0
44,2010-12-31,19940.0
44,2011-12-31,18968.0
44,2012-12-31,28718.0
44,2013-12-31,34978.0
44,2014-12-31,48813.0
44,2015-12-31,69843.0
44,2016-12-31,42478.0
44,2017-12-31,35163.0
44,2018-12-31,40990.0
44,2019-12-31,51748.0
44,2020-12-31,60225.0
44,2021-12-31,55736.0
44,2022-12-31,74667.0
44,2023-12-31,68043.8
44,2024-12-31,64323.8
44,2025-12-31,81283.8
44,2026-12-31,93548.8
44,2027-12-31,95152.8
44,2028-12-31,102893.0
45,1972-12-31,3022.0
45,1973-12-31,4177.0
45,1974-12-31,3751.0
45,1975-12-31,5320.0
45,1976-12-31,8397.0
45,1977-12-31,11872.0
45,1978-12-31,14541.0
45,1979-12-31,14410.0
45,1980-12-31,17534.0
45,1981-12-31,19023.0
45,1982-12-31,19306.0
45,1983-12-31,13027.0
45,1984-12-31,14750.0
45,1985-12-31,13040.0
45,1986-12-31,15874.0
45,1987-12-31,17062.0
45,1988-12-31,18163.0
45,1989-12-31,21229.0
45,1990-12-31,24163.0
45,1991-12-31,27580.0
45,1992-12-31,29809.0
45,1993-12-31,34548.9
45,1994-12-31,32960.9
45,1995-12-31,44362.9
45,1996-12-31,57251.9
45,1997-12-31,68879.8
45,1998-12-31,81793.8
46,1972-12-31,35.0
46,1973-12-31,188.0
46,1974-12-31,318.0
46,1975-12-31,425.0
46,1976-12-31,493.0
46,1977-12-31,786.0
46,1978-12-31,1662.0
46,1979-12-31,1646.0
46,1980-12-31,1512.0
46,1981-12-31,1279.0
46,1982-12-31,1845.0
46,1983-12-31,1294.0
46,1984-12-31,1724.0
46,1985-12-31,1949.0
46,1986-12-31,2280.0
46,1987-12-31,1691.0
46,1988-12-31,1231.0
46,1989-12-31,1415.0
46,1990-12-31,1894.0
46,1991-12-31,3467.0
46,1992-12-31,6786.0
46,1993-12-31,7555.0
46,1994-12-31,8574.98
46,1995-12-31,28734.9
46,1996-12-31,38913.9
46,1997-12-31,38526.9
46,1998-12-31,53029.9
46,1999-12-31,56167.9
47,1969-12-31,5.0
47,1970-12-31,8536.0
47,1971-12-31,18971.0
47,1972-12-31,32580.0
47,1973-12-31,70608.0
47,1974-12-31,86077.0
47,1975-12-31,100525.0
47,1976-12-31,121461.0
47,1977-12-31,120460.0
47,1978-12-31,157851.0
47,1979-12-31,176392.0
47,1980-12-31,219000.0
47,1981-12-31,269540.0
47,1982-12-31,367673.0
47,1983-12-31,461099.0
47,1984-12-31,484684.0
47,1985-12-31,349699.0
47,1986-12-31,499888.0
47,1987-12-31,588478.0
47,1988-12-31,476087.0
47,1989-12-31,504506.0
47,1990-12-31,666222.0
47,1991-12-31,706620.0
47,1992-12-31,734453.0
47,1993-12-31,910998.0
48,1969-12-31,12031.0
48,1970-12-31,20306.0
48,1971-12-31,25513.0
48,1972-12-31,35766.0
48,1973-12-31,37868.0
48,1974-12-31,47797.0
48,1975-12-31,66621.0
48,1976-12-31,50626.0
48,1977-12-31,41184.0
48,1978-12-31,42929.0
48,1979-12-31,45495.0
48,1980-12-31,45044.0
48,1981-12-31,47903.0
48,1982-12-31,41512.0
48,1983-12-31,33061.0
48,1984-12-31,58243.0
48,1985-12-31,43464.0
48,1986-12-31,65667.0
48,1987-12-31,80389.0
48,1988-12-31,75746.8
48,1989-12-31,72605.8
48,1990-12-31,71754.8
48,1991-12-31,70845.8
48,1992-12-31,72951.8
48,1993-12-31,97999.7
49,1977-12-31,4388.0
49,1978-12-31,4851.0
49,1979-12-31,5322.0
49,1980-12-31,5018.0
49,1981-12-31,5037.0
49,1982-12-31,5656.0
49,1983-12-31,5835.0
49,1984-12-31,5945.0
49,1985-12-31,6869.0
49,1986-12-31,7196.0
49,1987-12-31,7655.0
49,1988-12-31,8344.0
49,1989-12-31,9213.0
49,1990-12-31,9193.0
49,1991-12-31,9713.0
49,1992-12-31,10305.0
49,1993-12-31,10185.0
49,1994-12-31,9994.97
49,1995-12-31,10889.0
49,1996-12-31,12105.0
49,1997-12-31,11969.0
49,1998-12-31,9497.98
49,1999-12-31,12110.0
50,1900-12-31,119.0
50,1901-12-31,111.0
50,1902-12-31,163.0
50,1903-12-31,203.0
50,1904-12-31,197.0
50,1905-12-31,192.0
50,1906-12-31,94.0
50,1907-12-31,151.0
50,1908-12-31,258.0
50,1909-12-31,147.0
50,1910-12-31,180.0
50,1911-12-31,151.0
50,1912-12-31,147.0
50,1913-12-31,213.0
50,1914-12-31,152.0
50,1915-12-31,124.0
50,1916-12-31,118.0
50,1917-12-31,167.0
50,1918-12-31,152.0
50,1919-12-31,169.0
50,1920-12-31,121.0
50,1921-12-31,106.0
50,1922-12-31,165.0
50,1923-12-31,183.0
50,1924-12-31,249.0
50,1925-12-31,199.0
50,1926-12-31,272.0
50,1927-12-31,236.0
50,1928-12-31,422.0
50,1929-12-31,550.0
50,1930-12-31,595.0
50,1931-12-31,503.0
50,1932-12-31,856.0
50,1933-12-31,563.0
50,1934-12-31,604.0
50,1935-12-31,616.0
50,1936-12-31,698.0
50,1937-12-31,658.0
50,1938-12-31,464.0
50,1939-12-31,703.0
50,1940-12-31,901.0
50,1941-12-31,585.0
50,1942-12-31,929.0
50,1943-12-31,660.0
50,1944-12-31,608.0
50,1945-12-31,652.0
50,1946-12-31,889.0
50,1947-12-31,741.0
50,1948-12-31,1109.0
50,1949-12-31,945.0
51,1977-12-31,402240.0
51,1978-12-31,416673.0
51,1979-12-31,429306.0
51,1980-12-31,422028.0
51,1981-12-31,440946.0
51,1982-12-31,465313.0
51,1983-12-31,480489.0
51,1984-12-31,496315.0
51,1985-12-31,575761.0
51,1986-12-31,621903.0
51,1987-12-31,662294.0
51,1988-12-31,692102.0
51,1989-12-31,741638.0
51,1990-12-31,832195.0
51,1991-12-31,864867.0
51,1992-12-31,602914.0
51,1993-12-31,768019.0
51,1994-12-31,839973.0
52,1977-12-31,137598.0
52,1978-12-31,151945.0
52,1979-12-31,153433.0
52,1980-12-31,187552.0
52,1981-12-31,187981.0
52,1982-12-31,182672.0
52,1983-12-31,165506.0
52,1984-12-31,173459.0
52,1985-12-31,164732.0
52,1986-12-31,195228.0
52,1987-12-31,185486.0
52,1988-12-31,147233.0
52,1989-12-31,138699.0
52,1990-12-31,161490.0
52,1991-12-31,146948.0
52,1992-12-31,123541.0
52,1993-12-31,143073.0
52,1994-12-31,156122.0
53,1977-12-31,4351.0
53,1978-12-31,10303.0
53,1979-12-31,14335.0
53,1980-12-31,23996.0
53,1981-12-31,57704.0
53,1982-12-31,74653.0
53,1983-12-31,100917.0
53,1984-12-31,112146.0
53,1985-12-31,138439.0
53,1986-12-31,146502.0
53,1987-12-31,179935.0
53,1988-12-31,229789.0
53,1989-12-31,259500.0
53,1990-12-31,292276.0
53,1991-12-31,308180.0
53,1992-12-31,197322.0
53,1993-12-31,287171.0
53,1994-12-31,335619.0
54,1977-12-31,9923.0
54,1978-12-31,11387.0
54,1979-12-31,15423.0
54,1980-12-31,29402.0
54,1981-12-31,25348.0
54,1982-12-31,23793.0
54,1983-12-31,29824.0
54,1984-12-31,36163.0
54,1985-12-31,40437.0
54,1986-12-31,36853.0
54,1987-12-31,37091.0
54,1988-12-31,39098.0
54,1989-12-31,40962.9
54,1990-12-31,38434.9
54,1991-12-31,38924.9
54,1992-12-31,41533.9
54,1993-12-31,39785.9
54,1994-12-31,38336.9
55,1977-12-31,83702.0
55,1978-12-31,78925.0
55,1979-12-31,87571.0
55,1980-12-31,88408.0
55,1981-12-31,86866.0
55,1982-12-31,90027.0
55,1983-12-31,92412.0
55,1984-12-31,92675.0
55,1985-12-31,139085.0
55,1986-12-31,139423.0
55,1987-12-31,140026.0
55,1988-12-31,142157.0
55,1989-12-31,153867.0
55,1990-12-31,161520.0
55,1991-12-31,163895.0
55,1992-12-31,102746.0
55,1993-12-31,148886.0
55,1994-12-31,144977.0
56,1974-12-31,23350.0
56,1975-12-31,23685.0
56,1976-12-31,24427.0
56,1977-12-31,24716.0
56,1978-12-31,25632.0
56,1979-12-31,24503.0
56,1980-12-31,25382.0
56,1981-12-31,25688.0
56,1982-12-31,22078.0
56,1983-12-31,26698.0
56,1984-12-31,26482.0
56,1985-12-31,25379.0
56,1986-12-31,26848.0
56,1987-12-31,24655.0
56,1988-12-31,25811.0
56,1989-12-31,24257.0
56,1990-12-31,26036.0
56,1991-12-31,27398.0
56,1992-12-31,25935.0
56,1993-12-31,26869.0
56,1994-12-31,26896.9
56,1995-12-31,23885.9
56,1996-12-31,26663.9
56,1997-12-31,27179.9
56,1998-12-31,26306.9
56,1999-12-31,28098.9
57,1969-12-31,67.5
57,1970-12-31,62.3
57,1971-12-31,112.4
57,1972-12-31,175.5
57,1973-12-31,238.8
57,1974-12-31,317.9
57,1975-12-31,378.5
57,1976-12-31,378.0
57,1977-12-31,443.4
57,1978-12-31,541.2
57,1979-12-31,608.1
57,1980-12-31,639.2
57,1981-12-31,697.4
57,1982-12-31,664.4
57,1983-12-31,761.7
57,1984-12-31,838.0
57,1985-12-31,1044.9
57,1986-12-31,1191.0
57,1987-12-31,1211.6
57,1988-12-31,1222.8
57,1989-12-31,1367.8
57,1990-12-31,1382.7
57,1991-12-31,1406.7
57,1992-12-31,1589.0
58,1938-12-31,11460.0
58,1939-12-31,23150.0
58,1940-12-31,31539.0
58,1941-12-31,26390.0
58,1942-12-31,17757.0
58,1943-12-31,15038.0
58,1944-12-31,16715.0
58,1945-12-31,23738.0
58,1946-12-31,21642.0
58,1947-12-31,19259.0
58,1948-12-31,24546.0
58,1949-12-31,14216.0
58,1950-12-31,16478.0
58,1951-12-31,21914.0
58,1952-12-31,22733.0
58,1953-12-31,21302.0
58,1954-12-31,20321.0
58,1955-12-31,24119.0
58,1956-12-31,23732.0
58,1957-12-31,25362.0
58,1958-12-31,27213.0
58,1959-12-31,31383.0
58,1960-12-31,35870.0
58,1961-12-31,30752.0
58,1962-12-31,30631.0
58,1963-12-31,39177.0
58,1964-12-31,31319.9
58,1965-12-31,43056.9
58,1966-12-31,21798.9
58,1967-12-31,25643.9
58,1968-12-31,38308.9
58,1969-12-31,35520.9
59,1957-12-31,109.0
59,1958-12-31,94.4
59,1959-12-31,210.0
59,1960-12-31,27.8
59,1961-12-31,51.3
59,1962-12-31,66.6
59,1963-12-31,133.0
59,1964-12-31,226.0
59,1965-12-31,173.0
59,1966-12-31,108.0
59,1967-12-31,289.0
59,1968-12-31,316.0
59,1969-12-31,256.0
59,1970-12-31,182.0
59,1971-12-31,90.1
59,1972-12-31,122.0
59,1973-12-31,206.0
59,1974-12-31,233.0
59,1975-12-31,201.0
59,1976-12-31,275.0
59,1977-12-31,162.0
59,1978-12-31,171.0
59,1979-12-31,1169.0
59,1980-12-31,838.0
59,1981-12-31,88.5
59,1982-12-31,230.0
59,1983-12-31,642.0
59,1984-12-31,498.0
59,1985-12-31,174.0
59,1986-12-31,148.0
59,1987-12-31,149.0
59,1988-12-31,185.0
59,1989-12-31,200.0
59,1990-12-31,95.8
59,1991-12-31,167.0
59,1992-12-31,110.0
59,1993-12-31,139.0
59,1994-12-31,140.0
59,1995-12-31,365.0
59,1996-12-31,390.0
59,1997-12-31,457.0
59,1998-12-31,789.0
59,1999-12-31,1071.0
59,2000-12-31,482.0
59,2001-12-31,353.0
60,1957-12-31,1560.0
60,1958-12-31,506.0
60,1959-12-31,797.0
60,1960-12-31,451.0
60,1961-12-31,539.0
60,1962-12-31,283.0
60,1963-12-31,308.0
60,1964-12-31,475.0
60,1965-12-31,609.0
60,1966-12-31,680.0
60,1967-12-31,702.0
60,1968-12-31,790.0
60,1969-12-31,816.0
60,1970-12-31,646.0
60,1971-12-31,738.0
60,1972-12-31,808.0
60,1973-12-31,1015.0
60,1974-12-31,1521.0
60,1975-12-31,1733.0
60,1976-12-31,2201.0
60,1977-12-31,2404.0
60,1978-12-31,2777.0
60,1979-12-31,2863.0
60,1980-12-31,2446.0
60,1981-12-31,2278.0
60,1982-12-31,1908.0
60,1983-12-31,2557.0
60,1984-12-31,1077.0
60,1985-12-31,1587.0
60,1986-12-31,1894.0
60,1987-12-31,1864.0
60,1988-12-31,552.0
60,1989-12-31,1205.0
60,1990-12-31,1508.0
60,1991-12-31,1182.0
60,1992-12-31,2202.0
60,1993-12-31,1775.0
60,1994-12-31,3178.0
60,1995-12-31,2977.0
60,1996-12-31,1894.0
60,1997-12-31,2332.99
60,1998-12-31,838.0
60,1999-12-31,1223.0
60,2000-12-31,1136.0
60,2001-12-31,1218.0
61,1957-12-31,607.0
61,1958-12-31,377.0
61,1959-12-31,317.0
61,1960-12-31,155.0
61,1961-12-31,152.0
61,1962-12-31,150.0
61,1963-12-31,71.9
61,1964-12-31,56.1
61,1965-12-31,264.0
61,1966-12-31,281.0
61,1967-12-31,145.0
61,1968-12-31,170.0
61,1969-12-31,303.0
61,1970-12-31,141.0
61,1971-12-31,226.0
61,1972-12-31,414.0
61,1973-12-31,469.0
61,1974-12-31,750.0
61,1975-12-31,857.0
61,1976-12-31,598.0
61,1977-12-31,846.0
61,1978-12-31,863.0
61,1979-12-31,1088.0
61,1980-12-31,600.0
61,1981-12-31,482.0
61,1982-12-31,520.0
61,1983-12-31,637.0
61,1984-12-31,427.0
61,1985-12-31,139.0
61,1986-12-31,147.0
61,1987-12-31,147.0
61,1988-12-31,52.5
61,1989-12-31,47.8
61,1990-12-31,126.0
61,1991-12-31,258.0
61,1992-12-31,286.0
61,1993-12-31,669.0
61,1994-12-31,899.0
61,1995-12-31,756.0
61,1996-12-31,648.0
61,1997-12-31,761.0
61,1998-12-31,693.0
61,1999-12-31,732.0
61,2000-12-31,372.0
61,2001-12-31,474.0
62,1962-12-31,242000.0
62,1963-12-31,281243.0
62,1964-12-31,310000.0
62,1965-12-31,316070.0
62,1966-12-31,348174.0
62,1967-12-31,380323.0
62,1968-12-31,353090.0
62,1969-12-31,388207.0
62,1970-12-31,351937.0
62,1971-12-31,400769.0
62,1972-12-31,390222.0
62,1973-12-31,465508.0
62,1974-12-31,480340.0
62,1975-12-31,526305.0
62,1976-12-31,535096.0
62,1977-12-31,648429.0
62,1978-12-31,733894.0
62,1979-12-31,912874.0
62,1980-12-31,981996.0
62,1981-12-31,968789.0
62,1982-12-31,965433.0
62,1983-12-31,980788.0
62,1984-12-31,1044490.0
62,1985-12-31,1088660.0
62,1986-12-31,1187790.0
62,1987-12-31,1194830.0
62,1988-12-31,1365220.0
62,1989-12-31,1473030.0
62,1990-12-31,1356810.0
62,1991-12-31,1505260.0
62,1992-12-31,1612240.0
62,1993-12-31,1761040.0
62,1994-12-31,1859860.0
62,1995-12-31,1912000.0
62,1996-12-31,1945310.0
62,1997-12-31,2127930.0
62,1998-12-31,2201410.0
62,1999-12-31,2312220.0
62,2000-12-31,2423750.0
63,1963-12-31,3821700.0
63,1964-12-31,2875600.0
63,1965-12-31,3521640.0
63,1966-12-31,3788670.0
63,1967-12-31,3723270.0
63,1968-12-31,3962220.0
63,1969-12-31,4394770.0
63,1970-12-31,4313400.0
63,1971-12-31,4510800.0
63,1972-12-31,4862880.0
63,1973-12-31,4630310.0
63,1974-12-31,4409340.0
63,1975-12-31,3760270.0
63,1976-12-31,4276200.0
63,1977-12-31,4436130.0
63,1978-12-31,4925670.0
63,1979-12-31,5695220.0
63,1980-12-31,6572920.0
63,1981-12-31,5933560.0
63,1982-12-31,6993330.0
63,1983-12-31,8959560.0
63,1984-12-31,10375400.0
63,1985-12-31,10783400.0
63,1986-12-31,9680460.0
63,1987-12-31,10108400.0
63,1988-12-31,10167200.0
63,1989-12-31,10606500.0
63,1990-12-31,11945900.0
63,1991-12-31,12872300.0
63,1992-12-31,12207300.0
63,1993-12-31,14849000.0
63,1994-12-31,16524400.0
63,1995-12-31,16473000.0
63,1996-12-31,17537300.0
63,1997-12-31,18302300.0
63,1998-12-31,20739700.0
63,1999-12-31,22130900.0
63,2000-12-31,21800200.0
63,2001-12-31,21795600.0
63,2002-12-31,24383300.0
63,2003-12-31,25315500.0
63,2004-12-31,26522700.0
63,2005-12-31,27908300.0
63,2006-12-31,29439000.0
64,1969-12-31,2440.4
64,1970-12-31,4046.4
64,1971-12-31,4526.1
64,1972-12-31,5800.3
64,1973-12-31,7468.7
64,1974-12-31,6064.8
64,1975-12-31,4970.5
64,1976-12-31,6669.3
64,1977-12-31,6364.6
64,1978-12-31,8126.9
64,1979-12-31,6849.4
64,1980-12-31,6840.4
64,1981-12-31,5381.2
64,1982-12-31,6983.4
64,1983-12-31,7520.1
64,1984-12-31,6773.4
64,1985-12-31,8007.6
64,1986-12-31,8800.8
64,1987-12-31,9426.88
64,1988-12-31,10842.8
64,1989-12-31,10618.9
64,1990-12-31,9875.78
64,1991-12-31,11179.5
64,1992-12-31,11335.3
65,1971-12-31,68.0
65,1972-12-31,81.0
65,1973-12-31,105.0
65,1974-12-31,126.0
65,1975-12-31,145.0
65,1976-12-31,170.0
65,1977-12-31,170.0
65,1978-12-31,194.0
65,1979-12-31,224.0
65,1980-12-31,245.0
65,1981-12-31,270.0
65,1982-12-31,321.0
65,1983-12-31,353.0
65,1984-12-31,394.0
65,1985-12-31,483.0
65,1986-12-31,531.0
65,1987-12-31,629.0
66,1973-12-31,149020.0
66,1974-12-31,154580.0
66,1975-12-31,155500.0
66,1976-12-31,154470.0
66,1977-12-31,160120.0
66,1978-12-31,165170.0
66,1979-12-31,166380.0
66,1980-12-31,171370.0
66,1981-12-31,176050.0
66,1982-12-31,188750.0
66,1983-12-31,194210.0
66,1984-12-31,205420.0
66,1985-12-31,212140.0
66,1986-12-31,223849.0
66,1987-12-31,234769.0
66,1988-12-31,244619.0
66,1989-12-31,256049.0
66,1990-12-31,269982.0
66,1991-12-31,279653.0
67,1969-12-31,120.0
67,1970-12-31,230.0
67,1971-12-31,221.3
67,1972-12-31,286.3
67,1973-12-31,429.7
67,1974-12-31,385.6
67,1975-12-31,400.8
67,1976-12-31,463.7
67,1977-12-31,377.6
67,1978-12-31,455.5
67,1979-12-31,490.3
67,1980-12-31,468.4
67,1981-12-31,447.6
67,1982-12-31,502.1
67,1983-12-31,524.5
67,1984-12-31,515.2
67,1985-12-31,582.5
67,1986-12-31,632.6
67,1987-12-31,711.7
67,1988-12-31,802.5
67,1989-12-31,812.1
67,1990-12-31,798.8
67,1991-12-31,879.8
67,1992-12-31,909.3
68,1969-12-31,7.3
68,1970-12-31,6.3
68,1971-12-31,26.8
68,1972-12-31,114.5
68,1973-12-31,262.7
68,1974-12-31,253.0
68,1975-12-31,276.8
68,1976-12-31,320.1
68,1977-12-31,466.3
68,1978-12-31,599.2
68,1979-12-31,683.5
68,1980-12-31,720.5
68,1981-12-31,864.0
68,1982-12-31,1011.9
68,1983-12-31,1162.4
68,1984-12-31,1308.7
68,1985-12-31,1419.5
68,1986-12-31,1472.2
68,1987-12-31,1554.1
68,1988-12-31,1729.6
68,1989-12-31,1709.1
68,1990-12-31,1535.3
68,1991-12-31,1607.3
68,1992-12-31,2058.19
69,1969-12-31,22.0
69,1970-12-31,27.7
69,1971-12-31,43.9
69,1972-12-31,64.5
69,1973-12-31,99.7
69,1974-12-31,107.4
69,1975-12-31,110.5
69,1976-12-31,139.6
69,1977-12-31,167.6
69,1978-12-31,193.1
69,1979-12-31,231.0
69,1980-12-31,222.6
69,1981-12-31,237.5
69,1982-12-31,284.7
69,1983-12-31,427.8
69,1984-12-31,553.8
69,1985-12-31,704.5
69,1986-12-31,1038.4
69,1987-12-31,894.0
69,1988-12-31,939.6
69,1989-12-31,1074.7
69,1990-12-31,1240.7
69,1991-12-31,1253.9
69,1992-12-31,1309.0
70,1969-12-31,25.9
70,1970-12-31,35.7
70,1971-12-31,48.5
70,1972-12-31,63.8
70,1973-12-31,74.8
70,1974-12-31,72.9
70,1975-12-31,115.1
70,1976-12-31,171.8
70,1977-12-31,178.3
70,1978-12-31,240.7
70,1979-12-31,355.1
70,1980-12-31,511.4
70,1981-12-31,606.0
70,1982-12-31,810.1
70,1983-12-31,1057.4
70,1984-12-31,1182.3
70,1985-12-31,1492.4
70,1986-12-31,1946.4
70,1987-12-31,2315.19
70,1988-12-31,2737.89
71,1969-12-31,19.4
71,1970-12-31,35.5
71,1971-12-31,25.4
71,1972-12-31,22.4
71,1973-12-31,73.2
71,1974-12-31,74.0
71,1975-12-31,63.9
71,1976-12-31,89.7
71,1977-12-31,142.1
71,1978-12-31,141.5
71,1979-12-31,145.0
71,1980-12-31,167.5
71,1981-12-31,161.0
71,1982-12-31,184.1
71,1983-12-31,174.8
71,1984-12-31,196.7
71,1985-12-31,212.0
71,1986-12-31,247.1
71,1987-12-31,275.4
71,1988-12-31,294.7
71,1989-12-31,226.6
71,1990-12-31,194.1
71,1991-12-31,229.9
71,1992-12-31,243.9
72,1969-12-31,8.5
72,1970-12-31,22.8
72,1971-12-31,26.9
72,1972-12-31,27.6
72,1973-12-31,31.1
72,1974-12-31,33.3
72,1975-12-31,33.3
72,1976-12-31,39.8
72,1977-12-31,46.3
72,1978-12-31,56.2
72,1979-12-31,62.1
72,1980-12-31,63.3
72,1981-12-31,64.3
72,1982-12-31,75.1
72,1983-12-31,97.1
72,1984-12-31,117.3
72,1985-12-31,136.9
72,1986-12-31,139.2
72,1987-12-31,145.6
72,1988-12-31,149.1
72,1989-12-31,156.0
72,1990-12-31,162.6
72,1991-12-31,167.7
72,1992-12-31,195.2
73,1969-12-31,246.8
73,1970-12-31,299.6
73,1971-12-31,246.4
73,1972-12-31,289.8
73,1973-12-31,250.9
73,1974-12-31,246.9
73,1975-12-31,293.5
73,1976-12-31,417.4
73,1977-12-31,525.1
73,1978-12-31,689.9
73,1979-12-31,582.6
73,1980-12-31,595.7
73,1981-12-31,758.7
73,1982-12-31,871.1
73,1983-12-31,1074.4
73,1984-12-31,1008.0
73,1985-12-31,1020.3
73,1986-12-31,1272.2
73,1987-12-31,1481.4
73,1988-12-31,1424.3
73,1989-12-31,1357.1
73,1990-12-31,1405.8
73,1991-12-31,1389.1
73,1992-12-31,1265.6
74,1974-12-31,142.24
74,1975-12-31,137.8
74,1976-12-31,127.6
74,1977-12-31,137.6
74,1978-12-31,141.8
74,1979-12-31,115.6
74,1980-12-31,129.8
74,1981-12-31,133.8
74,1982-12-31,130.8
74,1983-12-31,129.9
74,1984-12-31,120.9
74,1985-12-31,113.8
74,1986-12-31,111.5
74,1987-12-31,107.9
74,1988-12-31,89.2
74,1989-12-31,77.6
74,1990-12-31,74.7
74,1991-12-31,68.2
74,1992-12-31,56.9
75,1974-12-31,27.6
75,1975-12-31,29.4
75,1976-12-31,26.4
75,1977-12-31,24.5
75,1978-12-31,28.7
75,1979-12-31,32.3
75,1980-12-31,34.0
75,1981-12-31,30.6
75,1982-12-31,32.2
75,1983-12-31,35.6
75,1984-12-31,36.5
75,1985-12-31,39.0
75,1986-12-31,38.2
75,1987-12-31,33.8
75,1988-12-31,39.6
75,1989-12-31,119.0
75,1990-12-31,171.4
75,1991-12-31,251.6
75,1992-12-31,239.1
76,1974-12-31,16.25
76,1975-12-31,16.9
76,1976-12-31,14.61
76,1977-12-31,14.87
76,1978-12-31,17.09
76,1979-12-31,16.52
76,1980-12-31,15.28
76,1981-12-31,14.91
76,1982-12-31,16.59
76,1983-12-31,15.66
76,1984-12-31,13.88
76,1985-12-31,12.94
76,1986-12-31,13.94
76,1987-12-31,12.3
76,1988-12-31,12.02
76,1989-12-31,10.23
76,1990-12-31,9.05
76,1991-12-31,7.1
76,1992-12-31,3.6
77,1977-12-31,248.0
77,1978-12-31,261.0
77,1979-12-31,261.0
77,1980-12-31,290.0
77,1981-12-31,315.0
77,1982-12-31,333.0
77,1983-12-31,381.0
77,1984-12-31,363.0
77,1985-12-31,416.0
77,1986-12-31,440.0
77,1987-12-31,474.0
77,1988-12-31,533.0
77,1989-12-31,602.0
77,1990-12-31,657.0
77,1991-12-31,718.0
77,1992-12-31,753.0
77,1993-12-31,813.0
77,1994-12-31,944.0
77,1995-12-31,1006.0
77,1996-12-31,1073.0
77,1997-12-31,1219.0
77,1998-12-31,1357.0
77,1999-12-31,1345.0
77,2000-12-31,1588.0
77,2001-12-31,1854.0
77,2002-12-31,1646.0
77,2003-12-31,2009.99
78,1977-12-31,897.21
78,1978-12-31,1410.83
78,1979-12-31,1306.81
78,1980-12-31,1031.58
78,1981-12-31,1508.36
78,1982-12-31,1543.03
78,1983-12-31,1343.65
78,1984-12-31,1434.67
78,1985-12-31,1579.87
78,1986-12-31,1976.47
78,1987-12-31,2279.87
78,1988-12-31,2067.49
78,1989-12-31,1974.3
78,1990-12-31,2288.54
78,1991-12-31,2230.03
78,1992-12-31,2305.88
78,1993-12-31,2581.11
78,1994-12-31,2533.43
78,1995-12-31,2860.68
78,1996-12-31,3120.74
78,1997-12-31,3547.67
78,1998-12-31,3382.97
78,1999-12-31,3578.01
78,2000-12-31,3794.73
78,2001-12-31,3281.11
78,2002-12-31,3116.4
78,2003-12-31,4117.63
78,2004-12-31,5257.57
78,2005-12-31,7060.66
78,2006-12-31,6544.87
78,2007-12-31,7914.52
78,2008-12-31,7676.13
79,1975-12-31,19.7
79,1976-12-31,21.1
79,1977-12-31,26.9
79,1978-12-31,26.7
79,1979-12-31,22.3
79,1980-12-31,21.6
79,1981-12-31,24.1
79,1982-12-31,24.3
79,1983-12-31,20.6
79,1984-12-31,21.4
79,1985-12-31,23.1
79,1986-12-31,22.7
79,1987-12-31,21.6
79,1988-12-31,20.6
79,1989-12-31,28.3
79,1990-12-31,29.3
79,1991-12-31,24.3
79,1992-12-31,21.5
79,1993-12-31,23.0
79,1994-12-31,24.0
79,1995-12-31,25.0
79,1996-12-31,24.2
79,1997-12-31,25.8
79,1998-12-31,23.4
79,1999-12-31,18.6
79,2000-12-31,19.3
80,1976-12-31,27562.2
80,1977-12-31,36027.7
80,1978-12-31,32254.0
80,1979-12-31,33906.6
80,1980-12-31,43264.9
80,1981-12-31,52408.0
80,1982-12-31,48912.9
80,1983-12-31,52123.1
80,1984-12-31,53383.1
80,1985-12-31,62171.6
80,1986-12-31,67705.5
80,1987-12-31,68636.3
80,1988-12-31,67528.2
80,1989-12-31,73524.4
80,1990-12-31,73708.1
80,1991-12-31,77361.5
80,1992-12-31,82363.6
80,1993-12-31,81629.1
80,1994-12-31,89233.5
80,1995-12-31,94982.8
80,1996-12-31,102853.0
80,1997-12-31,106519.0
80,1998-12-31,118081.0
80,1999-12-31,130707.0
80,2000-12-31,131194.0
80,2001-12-31,140717.0
80,2002-12-31,147682.0
80,2003-12-31,167810.0
80,2004-12-31,207916.0
80,2005-12-31,202895.0
80,2006-12-31,248648.0
81,1975-12-31,13.6
81,1976-12-31,21.2
81,1977-12-31,18.6
81,1978-12-31,21.6
81,1979-12-31,21.2
81,1980-12-31,30.9
81,1981-12-31,38.7
81,1982-12-31,40.2
81,1983-12-31,41.7
81,1984-12-31,54.1
81,1985-12-31,59.5
81,1986-12-31,55.7
81,1987-12-31,60.1
81,1988-12-31,64.2
81,1989-12-31,72.2
81,1990-12-31,69.0
81,1991-12-31,71.0
81,1992-12-31,47.9
81,1993-12-31,52.8
81,1994-12-31,56.8
81,1995-12-31,59.3
81,1996-12-31,50.2
81,1997-12-31,41.2
81,1998-12-31,49.4
81,1999-12-31,60.0
81,2000-12-31,45.0
82,1975-12-31,417.0
82,1976-12-31,451.0
82,1977-12-31,360.0
82,1978-12-31,525.0
82,1979-12-31,392.0
82,1980-12-31,375.0
82,1981-12-31,326.0
82,1982-12-31,594.0
82,1983-12-31,519.0
82,1984-12-31,570.0
82,1985-12-31,416.0
82,1986-12-31,556.0
82,1987-12-31,272.0
82,1988-12-31,391.0
82,1989-12-31,732.0
82,1990-12-31,890.0
82,1991-12-31,855.0
82,1992-12-31,737.0
82,1993-12-31,470.0
82,1994-12-31,958.0
82,1995-12-31,821.0
82,1996-12-31,819.0
82,1997-12-31,698.0
82,1998-12-31,995.0
82,1999-12-31,1150.0
83,1975-12-31,165.0
83,1976-12-31,172.0
83,1977-12-31,224.0
83,1978-12-31,224.0
83,1979-12-31,151.0
83,1980-12-31,129.0
83,1981-12-31,286.0
83,1982-12-31,216.0
83,1983-12-31,520.0
83,1984-12-31,994.0
83,1985-12-31,1063.0
83,1986-12-31,1292.0
83,1987-12-31,1281.0
83,1988-12-31,1796.0
83,1989-12-31,2022.0
83,1990-12-31,2789.0
83,1991-12-31,2853.0
83,1992-12-31,3710.0
83,1993-12-31,3840.0
83,1994-12-31,4062.99
83,1995-12-31,4702.99
83,1996-12-31,5059.99
83,1997-12-31,4318.99
83,1998-12-31,5469.99
83,1999-12-31,3802.99
84,1975-12-31,60.7
84,1976-12-31,91.1
84,1977-12-31,106.2
84,1978-12-31,112.2
84,1979-12-31,120.1
84,1980-12-31,129.0
84,1981-12-31,149.8
84,1982-12-31,159.9
84,1983-12-31,168.8
84,1984-12-31,173.0
84,1985-12-31,238.5
84,1986-12-31,279.5
84,1987-12-31,295.1
84,1988-12-31,298.4
84,1989-12-31,316.0
84,1990-12-31,340.5
84,1991-12-31,363.5
84,1992-12-31,361.2
84,1993-12-31,365.7
84,1994-12-31,371.7
84,1995-12-31,381.1
84,1996-12-31,383.7
84,1997-12-31,393.7
84,1998-12-31,358.9
84,1999-12-31,393.3
84,2000-12-31,382.6
85,1975-12-31,34.2
85,1976-12-31,49.3
85,1977-12-31,52.2
85,1978-12-31,55.5
85,1979-12-31,57.5
85,1980-12-31,61.7
85,1981-12-31,63.7
85,1982-12-31,66.2
85,1983-12-31,63.8
85,1984-12-31,74.9
85,1985-12-31,83.6
85,1986-12-31,83.4
85,1987-12-31,82.9
85,1988-12-31,91.4
85,1989-12-31,115.6
85,1990-12-31,124.0
85,1991-12-31,128.5
85,1992-12-31,127.8
85,1993-12-31,142.3
85,1994-12-31,144.6
85,1995-12-31,146.5
85,1996-12-31,136.4
85,1997-12-31,149.5
85,1998-12-31,184.2
85,1999-12-31,212.2
85,2000-12-31,190.1
86,1977-12-31,1.76
86,1978-12-31,4.13
86,1979-12-31,7.04
86,1980-12-31,7.82
86,1981-12-31,6.62
86,1982-12-31,9.92
86,1983-12-31,11.76
86,1984-12-31,11.43
86,1985-12-31,11.14
86,1986-12-31,10.97
86,1987-12-31,13.02
86,1988-12-31,14.08
86,1989-12-31,16.34
86,1990-12-31,16.83
86,1991-12-31,18.3
86,1992-12-31,17.8
86,1993-12-31,15.4
86,1994-12-31,16.1
86,1995-12-31,14.0
87,1977-12-31,4.48
87,1978-12-31,4.52
87,1979-12-31,3.71
87,1980-12-31,4.3
87,1981-12-31,5.66
87,1982-12-31,5.77
87,1983-12-31,5.93
87,1984-12-31,5.99
87,1985-12-31,5.85
87,1986-12-31,6.46
87,1987-12-31,7.14
87,1988-12-31,6.38
87,1989-12-31,6.31
87,1990-12-31,6.95
87,1991-12-31,8.3
87,1992-12-31,7.9
87,1993-12-31,7.2
87,1994-12-31,7.1
88,1977-12-31,11.4
88,1978-12-31,11.5
88,1979-12-31,11.8
88,1980-12-31,10.6
88,1981-12-31,11.4
88,1982-12-31,11.2
88,1983-12-31,10.8
88,1984-12-31,11.3
88,1985-12-31,10.6
88,1986-12-31,11.2
88,1987-12-31,13.5
88,1988-12-31,14.2
88,1989-12-31,14.2
88,1990-12-31,13.4
88,1991-12-31,13.2
88,1992-12-31,12.9
88,1993-12-31,12.3
88,1994-12-31,12.8
88,1995-12-31,14.2
89,1977-12-31,7.15
89,1978-12-31,7.89
89,1979-12-31,8.29
89,1980-12-31,8.1
89,1981-12-31,8.05
89,1982-12-31,8.15
89,1983-12-31,7.39
89,1984-12-31,7.84
89,1985-12-31,7.23
89,1986-12-31,8.52
89,1987-12-31,6.59
89,1988-12-31,7.85
89,1989-12-31,9.33
89,1990-12-31,7.75
89,1991-12-31,8.07
89,1992-12-31,7.6
89,1993-12-31,6.43
89,1994-12-31,7.07
89,1995-12-31,6.88
90,1977-12-31,2.14
90,1978-12-31,2.07
90,1979-12-31,2.53
90,1980-12-31,2.4
90,1981-12-31,2.54
90,1982-12-31,2.44
90,1983-12-31,2.6
90,1984-12-31,2.57
90,1985-12-31,2.85
90,1986-12-31,3.11
90,1987-12-31,3.34
90,1988-12-31,3.48
90,1989-12-31,3.65
90,1990-12-31,4.48
90,1991-12-31,4.38
90,1992-12-31,4.81
90,1993-12-31,4.71
91,1976-12-31,2.72
91,1977-12-31,2.58
91,1978-12-31,2.86
91,1979-12-31,2.83
91,1980-12-31,3.15
91,1981-12-31,2.76
91,1982-12-31,2.54
91,1983-12-31,2.66
91,1984-12-31,2.84
91,1985-12-31,2.99
91,1986-12-31,2.82
91,1987-12-31,2.84
91,1988-12-31,2.69
91,1989-12-31,3.2
91,1990-12-31,3.59
91,1991-12-31,3.19
91,1992-12-31,2.98
91,1993-12-31,3.18
92,1968-12-31,137.31
92,1969-12-31,147.78
92,1970-12-31,152.39
92,1971-12-31,158.98
92,1972-12-31,164.73
92,1973-12-31,174.11
92,1974-12-31,184.5
92,1975-12-31,194.54
92,1976-12-31,195.87
92,1977-12-31,199.19
92,1978-12-31,208.84
92,1979-12-31,221.49
92,1980-12-31,237.6
92,1981-12-31,254.59
92,1982-12-31,268.77
92,1983-12-31,280.6
92,1984-12-31,293.72
92,1985-12-31,307.91
92,1986-12-31,323.36
93,1968-12-31,35.92
93,1969-12-31,38.06
93,1970-12-31,44.05
93,1971-12-31,45.49
93,1972-12-31,41.45
93,1973-12-31,41.26
93,1974-12-31,46.94
93,1975-12-31,49.3
93,1976-12-31,47.83
93,1977-12-31,47.15
93,1978-12-31,48.52
93,1979-12-31,50.46
93,1980-12-31,52.52
93,1981-12-31,53.45
93,1982-12-31,55.38
93,1983-12-31,56.89
93,1984-12-31,58.42
93,1985-12-31,60.51
93,1986-12-31,63.64
94,1968-12-31,35.64
94,1969-12-31,37.56
94,1970-12-31,36.16
94,1971-12-31,36.4
94,1972-12-31,39.54
94,1973-12-31,44.67
94,1974-12-31,48.4
94,1975-12-31,53.43
94,1976-12-31,55.9
94,1977-12-31,64.06
94,1978-12-31,69.0
94,1979-12-31,77.53
94,1980-12-31,84.66
94,1981-12-31,91.61
94,1982-12-31,104.27
94,1983-12-31,111.78
94,1984-12-31,121.74
94,1985-12-31,128.68
94,1986-12-31,135.33
95,1968-12-31,5.97
95,1969-12-31,3.89
95,1970-12-31,3.87
95,1971-12-31,1.68
95,1972-12-31,3.73
95,1973-12-31,2.77
95,1974-12-31,5.31
95,1975-12-31,6.17
95,1976-12-31,7.02
95,1977-12-31,7.77
95,1978-12-31,13.41
95,1979-12-31,9.36
95,1980-12-31,11.39
95,1981-12-31,10.35
95,1982-12-31,11.26
95,1983-12-31,5.91
95,1984-12-31,9.74
95,1985-12-31,9.88
95,1986-12-31,8.24
96,1972-12-31,54.0
96,1973-12-31,58.0
96,1974-12-31,60.0
96,1975-12-31,62.0
96,1976-12-31,65.0
96,1977-12-31,68.0
96,1978-12-31,72.0
96,1979-12-31,76.0
96,1980-12-31,77.0
96,1981-12-31,78.0
96,1982-12-31,82.0
96,1983-12-31,87.0
96,1984-12-31,93.0
96,1985-12-31,100.0
96,1986-12-31,106.0
96,1987-12-31,110.0
96,1988-12-31,115.0
96,1989-12-31,121.0
96,1990-12-31,127.0
96,1991-12-31,135.5
96,1992-12-31,142.2
96,1993-12-31,143.4
96,1994-12-31,150.9
97,1972-12-31,56.37
97,1973-12-31,58.24
97,1974-12-31,54.55
97,1975-12-31,60.43
97,1976-12-31,66.47
97,1977-12-31,74.27
97,1978-12-31,63.32
97,1979-12-31,92.36
97,1980-12-31,99.05
97,1981-12-31,107.69
97,1982-12-31,116.22
97,1983-12-31,127.46
97,1984-12-31,139.61
97,1985-12-31,145.51
97,1986-12-31,161.85
97,1987-12-31,196.07
98,1960-12-31,96.0
98,1961-12-31,96.0
98,1962-12-31,80.0
98,1963-12-31,74.0
98,1964-12-31,85.0
98,1965-12-31,83.0
98,1966-12-31,95.0
98,1967-12-31,96.0
98,1968-12-31,78.0
98,1969-12-31,95.0
98,1970-12-31,85.0
98,1971-12-31,98.0
98,1972-12-31,87.0
98,1973-12-31,95.0
98,1974-12-31,100.0
98,1975-12-31,95.0
98,1976-12-31,100.0
98,1977-12-31,95.0
98,1978-12-31,89.0
98,1979-12-31,91.0
98,1980-12-31,100.0
98,1981-12-31,99.0
98,1982-12-31,99.0
98,1983-12-31,99.0
98,1984-12-31,99.0
98,1985-12-31,99.0
98,1986-12-31,99.0
98,1987-12-31,61.0
98,1988-12-31,76.0
98,1989-12-31,74.0
98,1990-12-31,90.0
98,1991-12-31,93.0
98,1992-12-31,102.0
98,1993-12-31,98.0
98,1994-12-31,103.0
98,1995-12-31,110.0
98,1996-12-31,117.0
98,1997-12-31,118.0
98,1998-12-31,112.0
98,1999-12-31,115.0
98,2000-12-31,116.0
98,2001-12-31,121.0
98,2002-12-31,134.0
99,1962-12-31,67.0
99,1963-12-31,60.0
99,1964-12-31,85.0
99,1965-12-31,96.0
99,1966-12-31,118.0
99,1967-12-31,117.0
99,1968-12-31,137.0
99,1969-12-31,120.0
99,1970-12-31,121.0
99,1971-12-31,133.0
99,1972-12-31,133.0
99,1973-12-31,115.0
99,1974-12-31,98.0
99,1975-12-31,107.0
99,1976-12-31,100.0
99,1977-12-31,96.0
99,1978-12-31,103.0
99,1979-12-31,109.0
99,1980-12-31,100.0
99,1981-12-31,100.0
99,1982-12-31,100.0
99,1983-12-31,100.0
99,1984-12-31,61.0
99,1985-12-31,54.0
99,1986-12-31,38.0
99,1987-12-31,50.0
99,1988-12-31,84.0
99,1989-12-31,99.0
99,1990-12-31,113.0
99,1991-12-31,122.0
99,1992-12-31,128.0
99,1993-12-31,143.0
99,1994-12-31,145.0
99,1995-12-31,146.0
99,1996-12-31,159.0
99,1997-12-31,172.0
99,1998-12-31,188.0
99,1999-12-31,204.0
99,2000-12-31,213.0
99,2001-12-31,220.0
99,2002-12-31,242.0
99,2003-12-31,254.0
99,2004-12-31,273.0
100,1957-12-31,86.0
100,1958-12-31,86.0
100,1959-12-31,71.0
100,1960-12-31,66.0
100,1961-12-31,80.0
100,1962-12-31,87.0
100,1963-12-31,100.0
100,1964-12-31,101.0
100,1965-12-31,105.0
100,1966-12-31,102.0
100,1967-12-31,108.0
100,1968-12-31,119.0
100,1969-12-31,118.0
100,1970-12-31,113.0
100,1971-12-31,105.0
100,1972-12-31,105.0
100,1973-12-31,103.0
100,1974-12-31,99.0
100,1975-12-31,98.0
100,1976-12-31,101.0
100,1977-12-31,100.0
100,1978-12-31,107.0
100,1979-12-31,88.0
100,1980-12-31,70.0
100,1981-12-31,63.0
100,1982-12-31,59.0
100,1983-12-31,50.0
100,1984-12-31,54.0
100,1985-12-31,83.0
100,1986-12-31,90.0
100,1987-12-31,96.0
100,1988-12-31,109.0
100,1989-12-31,118.0
100,1990-12-31,126.0
100,1991-12-31,129.0
100,1992-12-31,133.0
100,1993-12-31,140.0
100,1994-12-31,148.0
100,1995-12-31,155.0
100,1996-12-31,161.0
101,1974-12-31,33.0
101,1975-12-31,34.9
101,1976-12-31,37.6
101,1977-12-31,43.7
101,1978-12-31,44.6
101,1979-12-31,42.0
101,1980-12-31,40.7
101,1981-12-31,45.0
101,1982-12-31,46.5
101,1983-12-31,44.5
101,1984-12-31,70.6
101,1985-12-31,72.8
101,1986-12-31,75.4
101,1987-12-31,77.9
101,1988-12-31,78.9
101,1989-12-31,81.5
101,1990-12-31,83.5
101,1991-12-31,85.2
101,1992-12-31,88.3
101,1993-12-31,92.4
101,1994-12-31,96.9
101,1995-12-31,100.1
101,1996-12-31,104.3
101,1997-12-31,108.4
101,1998-12-31,112.8
101,1999-12-31,116.7
102,1968-12-31,191562.0
102,1969-12-31,206884.0
102,1970-12-31,217342.0
102,1971-12-31,230677.0
102,1972-12-31,237258.0
102,1973-12-31,255201.0
102,1974-12-31,267545.0
102,1975-12-31,282349.0
102,1976-12-31,291057.0
102,1977-12-31,312343.0
102,1978-12-31,326528.0
102,1979-12-31,336577.0
102,1980-12-31,356556.0
102,1981-12-31,376576.0
102,1982-12-31,402923.0
102,1983-12-31,434678.0
102,1984-12-31,468284.0
102,1985-12-31,494343.0
102,1986-12-31,538914.0
103,1968-12-31,34666.0
103,1969-12-31,55413.0
103,1970-12-31,69517.0
103,1971-12-31,73404.0
103,1972-12-31,68004.0
103,1973-12-31,68322.0
103,1974-12-31,72724.0
103,1975-12-31,80115.0
103,1976-12-31,64782.0
103,1977-12-31,88190.0
103,1978-12-31,91203.0
103,1979-12-31,98994.0
103,1980-12-31,107238.0
103,1981-12-31,112237.0
103,1982-12-31,118562.0
103,1983-12-31,126179.0
103,1984-12-31,146909.0
103,1985-12-31,168313.0
103,1986-12-31,184622.0
104,1968-12-31,53841.0
104,1969-12-31,56919.0
104,1970-12-31,57136.0
104,1971-12-31,60905.0
104,1972-12-31,62833.0
104,1973-12-31,71309.0
104,1974-12-31,76761.0
104,1975-12-31,79489.0
104,1976-12-31,76851.0
104,1977-12-31,85466.0
104,1978-12-31,85917.0
104,1979-12-31,85739.0
104,1980-12-31,93951.0
104,1981-12-31,99522.7
104,1982-12-31,108015.0
104,1983-12-31,120038.0
104,1984-12-31,130296.0
104,1985-12-31,133884.0
104,1986-12-31,146217.0
105,1968-12-31,6545.0
105,1969-12-31,10170.0
105,1970-12-31,4555.0
105,1971-12-31,4461.0
105,1972-12-31,711.0
105,1973-12-31,7642.0
105,1974-12-31,4482.0
105,1975-12-31,380.0
105,1976-12-31,78.0
105,1977-12-31,5191.0
105,1978-12-31,3794.0
105,1979-12-31,1771.0
105,1980-12-31,6347.0
105,1981-12-31,5570.99
105,1982-12-31,4774.99
105,1983-12-31,8557.98
105,1984-12-31,12053.0
105,1985-12-31,6153.99
105,1986-12-31,8603.98
106,1968-12-31,13807.0
106,1969-12-31,18744.0
106,1970-12-31,17992.0
106,1971-12-31,16934.0
106,1972-12-31,17746.0
106,1973-12-31,19714.0
106,1974-12-31,23595.0
106,1975-12-31,26481.0
106,1976-12-31,23067.0
106,1977-12-31,23489.0
106,1978-12-31,27244.0
106,1979-12-31,28575.0
106,1980-12-31,30278.0
106,1981-12-31,32338.9
106,1982-12-31,37098.9
106,1983-12-31,39195.9
106,1984-12-31,43359.9
106,1985-12-31,46187.9
106,1986-12-31,50593.9
107,1968-12-31,242167.0
107,1969-12-31,279232.0
107,1970-12-31,293180.0
107,1971-12-31,306635.0
107,1972-12-31,304918.0
107,1973-12-31,332985.0
107,1974-12-31,352832.0
107,1975-12-31,368187.0
107,1976-12-31,399962.0
107,1977-12-31,402355.0
107,1978-12-31,417093.0
107,1979-12-31,430129.0
107,1980-12-31,460613.0
107,1981-12-31,485263.0
107,1982-12-31,521739.0
107,1983-12-31,568423.0
107,1984-12-31,625126.0
107,1985-12-31,658972.0
107,1986-12-31,719794.0
108,1976-12-31,25.29
108,1977-12-31,21.68
108,1978-12-31,18.83
108,1979-12-31,18.17
108,1980-12-31,22.85
108,1981-12-31,24.57
108,1982-12-31,28.16
108,1983-12-31,29.76
108,1984-12-31,26.99
108,1985-12-31,29.23
108,1986-12-31,31.71
108,1987-12-31,36.7
108,1988-12-31,28.82
108,1989-12-31,31.59
108,1990-12-31,38.95
108,1991-12-31,41.42
108,1992-12-31,42.62
108,1993-12-31,47.73
108,1994-12-31,54.96
108,1995-12-31,53.23
108,1996-12-31,51.41
108,1997-12-31,46.89
109,1972-12-31,237.0
109,1973-12-31,273.0
109,1974-12-31,286.0
109,1975-12-31,261.0
109,1976-12-31,287.0
109,1977-12-31,330.0
109,1978-12-31,352.0
109,1979-12-31,380.0
109,1980-12-31,426.0
109,1981-12-31,494.0
109,1982-12-31,530.0
109,1983-12-31,598.0
109,1984-12-31,597.0
109,1985-12-31,692.0
109,1986-12-31,832.0
109,1987-12-31,946.0
109,1988-12-31,1056.0
109,1989-12-31,1292.0
110,1972-12-31,232.0
110,1973-12-31,264.0
110,1974-12-31,266.0
110,1975-12-31,254.0
110,1976-12-31,275.0
110,1977-12-31,315.0
110,1978-12-31,327.0
110,1979-12-31,360.0
110,1980-12-31,403.0
110,1981-12-31,466.0
110,1982-12-31,532.0
110,1983-12-31,569.0
110,1984-12-31,586.0
110,1985-12-31,680.0
110,1986-12-31,839.0
110,1987-12-31,966.0
110,1988-12-31,1025.0
110,1989-12-31,1333.0
111,1969-12-31,474.0
111,1970-12-31,486.9
111,1971-12-31,484.0
111,1972-12-31,490.5
111,1973-12-31,503.0
111,1974-12-31,504.7
111,1975-12-31,504.2
111,1976-12-31,503.3
111,1977-12-31,503.6
111,1978-12-31,514.9
111,1979-12-31,524.2
111,1980-12-31,537.7
111,1981-12-31,547.8
111,1982-12-31,557.2
111,1983-12-31,564.4
111,1984-12-31,572.0
111,1985-12-31,577.4
111,1986-12-31,584.2
111,1987-12-31,594.7
111,1988-12-31,605.8
111,1989-12-31,617.7
111,1990-12-31,628.0
111,1991-12-31,638.9
111,1992-12-31,645.1
111,1993-12-31,662.8
111,1994-12-31,675.7
111,1995-12-31,691.1
111,1996-12-31,710.0
111,1997-12-31,729.5
111,1998-12-31,743.3
111,1999-12-31,755.9
111,2000-12-31,770.7
111,2001-12-31,774.4
111,2002-12-31,784.5
111,2003-12-31,800.9
111,2004-12-31,815.9
111,2005-12-31,834.9
111,2006-12-31,858.1
111,2007-12-31,875.8
111,2008-12-31,891.4
111,2009-12-31,907.6
111,2010-12-31,923.7
111,2011-12-31,942.6
111,2012-12-31,951.7
112,1970-12-31,2.7
112,1971-12-31,3.1
112,1972-12-31,3.4
112,1973-12-31,3.8
112,1974-12-31,3.5
112,1975-12-31,3.7
112,1976-12-31,4.0
112,1977-12-31,4.2
112,1978-12-31,4.4
112,1979-12-31,4.6
112,1980-12-31,4.8
112,1981-12-31,4.7
112,1982-12-31,5.0
112,1983-12-31,5.4
112,1984-12-31,5.6
112,1985-12-31,5.9
112,1986-12-31,6.5
112,1987-12-31,6.9
112,1988-12-31,7.4
112,1989-12-31,7.8
112,1990-12-31,8.2
113,1970-12-31,4.7
113,1971-12-31,5.2
113,1972-12-31,5.3
113,1973-12-31,5.5
113,1974-12-31,5.9
113,1975-12-31,6.6
113,1976-12-31,6.9
113,1977-12-31,7.3
113,1978-12-31,7.6
113,1979-12-31,7.8
113,1980-12-31,8.5
113,1981-12-31,8.9
113,1982-12-31,9.1
113,1983-12-31,9.5
113,1984-12-31,10.1
113,1985-12-31,10.4
113,1986-12-31,10.9
113,1987-12-31,11.2
113,1988-12-31,11.7
113,1989-12-31,12.4
113,1990-12-31,13.2
114,1970-12-31,47.4
114,1971-12-31,52.6
114,1972-12-31,57.3
114,1973-12-31,61.9
114,1974-12-31,66.3
114,1975-12-31,74.1
114,1976-12-31,79.2
114,1977-12-31,83.7
114,1978-12-31,86.4
114,1979-12-31,92.4
114,1980-12-31,108.6
114,1981-12-31,114.5
114,1982-12-31,119.2
114,1983-12-31,123.3
114,1984-12-31,131.5
114,1985-12-31,138.8
114,1986-12-31,142.9
114,1987-12-31,142.4
114,1988-12-31,152.6
114,1989-12-31,164.7
114,1990-12-31,172.7
115,1970-12-31,28.9
115,1971-12-31,31.1
115,1972-12-31,32.5
115,1973-12-31,34.9
115,1974-12-31,36.3
115,1975-12-31,38.6
115,1976-12-31,40.4
115,1977-12-31,42.6
115,1978-12-31,44.7
115,1979-12-31,47.6
115,1980-12-31,50.6
115,1981-12-31,54.8
115,1982-12-31,58.2
115,1983-12-31,61.3
115,1984-12-31,63.1
115,1985-12-31,65.4
115,1986-12-31,69.3
115,1987-12-31,74.0
115,1988-12-31,78.4
115,1989-12-31,82.3
115,1990-12-31,87.3
116,1970-12-31,11.5
116,1971-12-31,11.8
116,1972-12-31,12.1
116,1973-12-31,13.1
116,1974-12-31,14.0
116,1975-12-31,15.0
116,1976-12-31,15.6
116,1977-12-31,16.1
116,1978-12-31,16.0
116,1979-12-31,16.8
116,1980-12-31,18.2
116,1981-12-31,18.8
116,1982-12-31,19.5
116,1983-12-31,20.2
116,1984-12-31,22.1
116,1985-12-31,23.2
116,1986-12-31,23.8
116,1987-12-31,25.2
116,1988-12-31,26.9
116,1989-12-31,28.3
116,1990-12-31,29.8
117,1970-12-31,6.7
117,1971-12-31,6.6
117,1972-12-31,6.7
117,1973-12-31,7.1
117,1974-12-31,7.4
117,1975-12-31,7.4
117,1976-12-31,7.5
117,1977-12-31,7.9
117,1978-12-31,8.1
117,1979-12-31,8.7
117,1980-12-31,9.2
117,1981-12-31,9.8
117,1982-12-31,10.3
117,1983-12-31,10.4
117,1984-12-31,11.3
117,1985-12-31,11.9
117,1986-12-31,12.1
117,1987-12-31,12.5
117,1988-12-31,13.0
117,1989-12-31,14.0
117,1990-12-31,14.6
118,1970-12-31,2.5
118,1971-12-31,2.7
118,1972-12-31,2.7
118,1973-12-31,3.1
118,1974-12-31,3.2
118,1975-12-31,3.4
118,1976-12-31,3.7
118,1977-12-31,4.0
118,1978-12-31,4.1
118,1979-12-31,4.2
118,1980-12-31,4.4
118,1981-12-31,4.9
118,1982-12-31,5.1
118,1983-12-31,5.5
118,1984-12-31,6.0
118,1985-12-31,6.5
118,1986-12-31,6.9
118,1987-12-31,7.3
118,1988-12-31,7.8
118,1989-12-31,8.4
118,1990-12-31,9.0
119,1970-12-31,3.7
119,1971-12-31,4.1
119,1972-12-31,4.2
119,1973-12-31,4.2
119,1974-12-31,4.6
119,1975-12-31,4.9
119,1976-12-31,5.0
119,1977-12-31,5.1
119,1978-12-31,5.1
119,1979-12-31,5.5
119,1980-12-31,6.1
119,1981-12-31,6.5
119,1982-12-31,6.8
119,1983-12-31,7.0
119,1984-12-31,7.4
119,1985-12-31,7.8
119,1986-12-31,8.0
119,1987-12-31,8.2
119,1988-12-31,8.4
119,1989-12-31,9.1
119,1990-12-31,9.7
120,1970-12-31,4.4
120,1971-12-31,4.6
120,1972-12-31,4.8
120,1973-12-31,5.0
120,1974-12-31,5.2
120,1975-12-31,5.4
120,1976-12-31,5.6
120,1977-12-31,5.8
120,1978-12-31,5.8
120,1979-12-31,6.0
120,1980-12-31,6.3
120,1981-12-31,6.7
120,1982-12-31,7.0
120,1983-12-31,7.3
120,1984-12-31,7.7
120,1985-12-31,8.1
120,1986-12-31,8.5
120,1987-12-31,9.0
120,1988-12-31,9.3
120,1989-12-31,9.7
120,1990-12-31,10.1
121,1970-12-31,2.2
121,1971-12-31,2.3
121,1972-12-31,2.3
121,1973-12-31,2.4
121,1974-12-31,2.6
121,1975-12-31,2.7
121,1976-12-31,2.8
121,1977-12-31,2.9
121,1978-12-31,2.9
121,1979-12-31,3.1
121,1980-12-31,3.3
121,1981-12-31,3.5
121,1982-12-31,3.7
121,1983-12-31,3.9
121,1984-12-31,4.2
121,1985-12-31,4.5
121,1986-12-31,4.7
121,1987-12-31,5.0
121,1988-12-31,5.5
121,1989-12-31,5.7
121,1990-12-31,6.1
122,1963-12-31,49.64
122,1964-12-31,51.75
122,1965-12-31,53.16
122,1966-12-31,56.01
122,1967-12-31,57.97
122,1968-12-31,60.45
122,1969-12-31,61.77
122,1970-12-31,63.64
122,1971-12-31,64.76
122,1972-12-31,66.49
122,1973-12-31,69.18
122,1974-12-31,71.17
122,1975-12-31,74.51
122,1976-12-31,77.78
122,1977-12-31,80.4
122,1978-12-31,83.16
122,1979-12-31,86.05
122,1980-12-31,88.85
122,1981-12-31,91.77
123,1968-12-31,15.56
123,1969-12-31,17.22
123,1970-12-31,17.4
123,1971-12-31,18.06
123,1972-12-31,18.59
123,1973-12-31,19.98
123,1974-12-31,21.61
123,1975-12-31,23.39
123,1976-12-31,22.45
123,1977-12-31,22.17
123,1978-12-31,23.39
123,1979-12-31,25.23
123,1980-12-31,27.65
123,1981-12-31,30.86
123,1982-12-31,32.12
123,1983-12-31,32.39
123,1984-12-31,33.57
123,1985-12-31,34.28
123,1986-12-31,35.81
124,1968-12-31,9.78
124,1969-12-31,9.92
124,1970-12-31,10.03
124,1971-12-31,10.19
124,1972-12-31,10.5
124,1973-12-31,10.96
124,1974-12-31,11.25
124,1975-12-31,11.9
124,1976-12-31,12.5
124,1977-12-31,15.04
124,1978-12-31,15.74
124,1979-12-31,16.68
124,1980-12-31,17.7
124,1981-12-31,18.72
124,1982-12-31,19.96
124,1983-12-31,21.18
124,1984-12-31,22.31
124,1985-12-31,23.62
124,1986-12-31,24.64
125,1968-12-31,5.66
125,1969-12-31,6.79
125,1970-12-31,7.16
125,1971-12-31,7.6
125,1972-12-31,8.53
125,1973-12-31,10.1
125,1974-12-31,11.3
125,1975-12-31,12.79
125,1976-12-31,12.68
125,1977-12-31,15.55
125,1978-12-31,17.1
125,1979-12-31,19.25
125,1980-12-31,22.09
125,1981-12-31,25.77
125,1982-12-31,27.97
125,1983-12-31,28.97
125,1984-12-31,30.73
125,1985-12-31,32.35
125,1986-12-31,35.23
126,1968-12-31,57.14
126,1969-12-31,62.37
126,1970-12-31,64.87
126,1971-12-31,67.28
126,1972-12-31,69.14
126,1973-12-31,72.34
126,1974-12-31,78.15
126,1975-12-31,82.19
126,1976-12-31,84.17
126,1977-12-31,79.93
126,1978-12-31,83.44
126,1979-12-31,89.16
126,1980-12-31,95.65
126,1981-12-31,101.47
126,1982-12-31,108.33
126,1983-12-31,114.89
126,1984-12-31,121.05
126,1985-12-31,128.81
126,1986-12-31,135.61
127,1968-12-31,14.48
127,1969-12-31,14.14
127,1970-12-31,17.52
127,1971-12-31,20.32
127,1972-12-31,16.16
127,1973-12-31,14.59
127,1974-12-31,19.05
127,1975-12-31,20.16
127,1976-12-31,18.08
127,1977-12-31,19.39
127,1978-12-31,19.32
127,1979-12-31,19.87
127,1980-12-31,19.84
127,1981-12-31,18.52
127,1982-12-31,18.44
127,1983-12-31,18.49
127,1984-12-31,18.89
127,1985-12-31,20.04
127,1986-12-31,20.62
128,1968-12-31,21.47
128,1969-12-31,24.09
128,1970-12-31,26.59
128,1971-12-31,24.96
128,1972-12-31,25.39
128,1973-12-31,26.95
128,1974-12-31,27.9
128,1975-12-31,29.14
128,1976-12-31,29.93
128,1977-12-31,27.77
128,1978-12-31,29.21
128,1979-12-31,30.58
128,1980-12-31,32.69
128,1981-12-31,34.93
128,1982-12-31,36.94
128,1983-12-31,38.4
128,1984-12-31,39.53
128,1985-12-31,40.47
128,1986-12-31,43.02
129,1968-12-31,14.38
129,1969-12-31,13.81
129,1970-12-31,12.3
129,1971-12-31,11.92
129,1972-12-31,12.18
129,1973-12-31,13.35
129,1974-12-31,14.42
129,1975-12-31,15.75
129,1976-12-31,16.73
129,1977-12-31,18.63
129,1978-12-31,20.17
129,1979-12-31,23.28
129,1980-12-31,25.63
129,1981-12-31,27.34
129,1982-12-31,30.75
129,1983-12-31,33.52
129,1984-12-31,37.31
129,1985-12-31,41.0
129,1986-12-31,42.1
130,1968-12-31,15.4
130,1969-12-31,16.3
130,1970-12-31,15.54
130,1971-12-31,15.72
130,1972-12-31,16.8
130,1973-12-31,19.33
130,1974-12-31,21.72
130,1975-12-31,24.46
130,1976-12-31,25.32
130,1977-12-31,28.09
130,1978-12-31,30.86
130,1979-12-31,35.19
130,1980-12-31,38.93
130,1981-12-31,42.11
130,1982-12-31,45.72
130,1983-12-31,47.25
130,1984-12-31,52.1
130,1985-12-31,54.62
130,1986-12-31,59.38
131,1968-12-31,53473.0
131,1969-12-31,59926.0
131,1970-12-31,63014.0
131,1971-12-31,63903.0
131,1972-12-31,64947.0
131,1973-12-31,57592.0
131,1974-12-31,59923.0
131,1975-12-31,63341.0
131,1976-12-31,66071.0
131,1977-12-31,67859.0
131,1978-12-31,69530.0
131,1979-12-31,71489.0
131,1980-12-31,73782.0
131,1981-12-31,75901.8
131,1982-12-31,79876.8
131,1983-12-31,85137.8
131,1984-12-31,91254.8
131,1985-12-31,92781.8
131,1986-12-31,98589.7
132,1968-12-31,20965.0
132,1969-12-31,22623.0
132,1970-12-31,23457.0
132,1971-12-31,23614.0
132,1972-12-31,23710.0
132,1973-12-31,24833.0
132,1974-12-31,25948.0
132,1975-12-31,26135.0
132,1976-12-31,26502.0
132,1977-12-31,28418.0
132,1978-12-31,29403.0
132,1979-12-31,30063.0
132,1980-12-31,31860.0
132,1981-12-31,33033.9
132,1982-12-31,36136.9
132,1983-12-31,38731.9
132,1984-12-31,43538.9
132,1985-12-31,45971.9
132,1986-12-31,50098.9
133,1968-12-31,21275.0
133,1969-12-31,23619.0
133,1970-12-31,26454.0
133,1971-12-31,29291.0
133,1972-12-31,31643.0
133,1973-12-31,33726.0
133,1974-12-31,35967.0
133,1975-12-31,38394.0
133,1976-12-31,40991.0
133,1977-12-31,43518.0
133,1978-12-31,46171.0
133,1979-12-31,48567.0
133,1980-12-31,51835.0
133,1981-12-31,55278.9
133,1982-12-31,59086.9
133,1983-12-31,63162.8
133,1984-12-31,67088.8
133,1985-12-31,71194.8
133,1986-12-31,76619.8
134,1968-12-31,25585.0
134,1969-12-31,24510.0
134,1970-12-31,23821.0
134,1971-12-31,27703.0
134,1972-12-31,27313.0
134,1973-12-31,33470.0
134,1974-12-31,32196.0
134,1975-12-31,33629.0
134,1976-12-31,30381.0
134,1977-12-31,36014.0
134,1978-12-31,36668.0
134,1979-12-31,35278.0
134,1980-12-31,40034.0
134,1981-12-31,43729.9
134,1982-12-31,47822.9
134,1983-12-31,54090.9
134,1984-12-31,56727.9
134,1985-12-31,57953.9
134,1986-12-31,66840.8
135,1968-12-31,14243.0
135,1969-12-31,32555.0
135,1970-12-31,46046.0
135,1971-12-31,48715.0
135,1972-12-31,41519.0
135,1973-12-31,39607.0
135,1974-12-31,41161.0
135,1975-12-31,44577.0
135,1976-12-31,46301.0
135,1977-12-31,46809.0
135,1978-12-31,45946.0
135,1979-12-31,48992.0
135,1980-12-31,52950.0
135,1981-12-31,52386.9
135,1982-12-31,51861.9
135,1983-12-31,52214.9
135,1984-12-31,63204.8
135,1985-12-31,75008.8
135,1986-12-31,80920.8
136,1968-12-31,20423.0
136,1969-12-31,21858.0
136,1970-12-31,23471.0
136,1971-12-31,24689.0
136,1972-12-31,26485.0
136,1973-12-31,28715.0
136,1974-12-31,31563.0
136,1975-12-31,35538.0
136,1976-12-31,38481.0
136,1977-12-31,41381.0
136,1978-12-31,45257.0
136,1979-12-31,50002.0
136,1980-12-31,54288.0
136,1981-12-31,59849.8
136,1982-12-31,66699.8
136,1983-12-31,73963.8
136,1984-12-31,83703.8
136,1985-12-31,93303.8
136,1986-12-31,103701.0
137,1968-12-31,19810.0
137,1969-12-31,17922.0
137,1970-12-31,17930.0
137,1971-12-31,18669.0
137,1972-12-31,20109.0
137,1973-12-31,23706.0
137,1974-12-31,22103.0
137,1975-12-31,21077.0
137,1976-12-31,22297.0
137,1977-12-31,26803.0
137,1978-12-31,23965.0
137,1979-12-31,24073.0
137,1980-12-31,26875.0
137,1981-12-31,27929.9
137,1982-12-31,28275.9
137,1983-12-31,28393.9
137,1984-12-31,26305.9
137,1985-12-31,26220.9
137,1986-12-31,31513.9
138,1968-12-31,18654.0
138,1969-12-31,20651.0
138,1970-12-31,20216.0
138,1971-12-31,21503.0
138,1972-12-31,20552.0
138,1973-12-31,23804.0
138,1974-12-31,26466.0
138,1975-12-31,28375.0
138,1976-12-31,25028.0
138,1977-12-31,28435.0
138,1978-12-31,30283.0
138,1979-12-31,28647.0
138,1980-12-31,32460.0
138,1981-12-31,34814.9
138,1982-12-31,39892.9
138,1983-12-31,45760.9
138,1984-12-31,53093.9
138,1985-12-31,55742.9
138,1986-12-31,59491.9
139,1968-12-31,28.9
139,1969-12-31,31.0
139,1970-12-31,33.1
139,1971-12-31,34.9
139,1972-12-31,36.5
139,1973-12-31,38.3
139,1974-12-31,40.2
139,1975-12-31,42.0
139,1976-12-31,44.0
139,1977-12-31,45.9
139,1978-12-31,48.0
139,1979-12-31,49.8
139,1980-12-31,52.5
139,1981-12-31,55.3
139,1982-12-31,58.5
139,1983-12-31,61.8
139,1984-12-31,64.7
139,1985-12-31,67.4
139,1986-12-31,70.7
140,1962-12-31,7929980.0
140,1963-12-31,9001740.0
140,1964-12-31,9794090.0
140,1965-12-31,10002100.0
140,1966-12-31,10403300.0
140,1967-12-31,11140200.0
140,1968-12-31,10169100.0
140,1969-12-31,9381840.0
140,1970-12-31,7997870.0
140,1971-12-31,9190020.0
140,1972-12-31,9186600.0
140,1973-12-31,10479100.0
140,1974-12-31,11975600.0
140,1975-12-31,12837000.0
140,1976-12-31,11380800.0
140,1977-12-31,13509600.0
140,1978-12-31,14483700.0
140,1979-12-31,17762400.0
140,1980-12-31,17083900.0
140,1981-12-31,17035700.0
140,1982-12-31,17182800.0
140,1983-12-31,17371000.0
140,1984-12-31,19277700.0
140,1985-12-31,21114000.0
140,1986-12-31,21897300.0
140,1987-12-31,20315400.0
140,1988-12-31,24375500.0
140,1989-12-31,26046700.0
140,1990-12-31,24418400.0
140,1991-12-31,26604600.0
140,1992-12-31,26876200.0
140,1993-12-31,30178100.0
140,1994-12-31,31441200.0
140,1995-12-31,30666400.0
140,1996-12-31,30814300.0
140,1997-12-31,34014700.0
140,1998-12-31,34444200.0
140,1999-12-31,35697900.0
140,2000-12-31,37648200.0
141,1968-12-31,2631.0
141,1969-12-31,2898.0
141,1970-12-31,3185.0
141,1971-12-31,3500.0
141,1972-12-31,3695.0
141,1973-12-31,4029.0
141,1974-12-31,4252.0
141,1975-12-31,4428.0
141,1976-12-31,4530.0
141,1977-12-31,4680.0
141,1978-12-31,4754.0
141,1979-12-31,4914.0
141,1980-12-31,5141.0
141,1981-12-31,5292.99
141,1982-12-31,5525.99
141,1983-12-31,5723.99
141,1984-12-31,6006.99
141,1985-12-31,6185.98
141,1986-12-31,6390.98
142,1968-12-31,1214.0
142,1969-12-31,1288.0
142,1970-12-31,1272.0
142,1971-12-31,1296.0
142,1972-12-31,1391.0
142,1973-12-31,1503.0
142,1974-12-31,1588.0
142,1975-12-31,1675.0
142,1976-12-31,1778.0
142,1977-12-31,1749.0
142,1978-12-31,1895.0
142,1979-12-31,1973.0
142,1980-12-31,2017.0
142,1981-12-31,2123.99
142,1982-12-31,2248.99
142,1983-12-31,2392.99
142,1984-12-31,2461.99
142,1985-12-31,2498.99
142,1986-12-31,2651.99
143,1968-12-31,841.0
143,1969-12-31,886.0
143,1970-12-31,934.0
143,1971-12-31,1001.0
143,1972-12-31,1056.0
143,1973-12-31,1122.0
143,1974-12-31,1183.0
143,1975-12-31,1276.0
143,1976-12-31,1349.0
143,1977-12-31,1569.0
143,1978-12-31,1660.0
143,1979-12-31,1775.0
143,1980-12-31,1955.0
143,1981-12-31,2160.99
143,1982-12-31,2342.99
143,1983-12-31,2585.99
143,1984-12-31,2834.99
143,1985-12-31,3054.99
143,1986-12-31,3263.99
144,1968-12-31,586.0
144,1969-12-31,662.0
144,1970-12-31,686.0
144,1971-12-31,832.0
144,1972-12-31,966.0
144,1973-12-31,1075.0
144,1974-12-31,1028.0
144,1975-12-31,1164.0
144,1976-12-31,1333.0
144,1977-12-31,1546.0
144,1978-12-31,1588.0
144,1979-12-31,1565.0
144,1980-12-31,1654.0
144,1981-12-31,1887.0
144,1982-12-31,2082.99
144,1983-12-31,2102.99
144,1984-12-31,2116.99
144,1985-12-31,2242.99
144,1986-12-31,2450.99
145,1968-12-31,814.0
145,1969-12-31,1074.0
145,1970-12-31,1440.0
145,1971-12-31,1521.0
145,1972-12-31,1515.0
145,1973-12-31,1465.0
145,1974-12-31,1544.0
145,1975-12-31,1521.0
145,1976-12-31,1466.0
145,1977-12-31,1512.0
145,1978-12-31,1583.0
145,1979-12-31,1683.0
145,1980-12-31,1804.0
145,1981-12-31,1849.0
145,1982-12-31,1928.0
145,1983-12-31,2062.0
145,1984-12-31,2149.99
145,1985-12-31,2334.99
145,1986-12-31,2367.99
146,1968-12-31,1312.0
146,1969-12-31,1420.0
146,1970-12-31,1536.0
146,1971-12-31,1604.0
146,1972-12-31,1695.0
146,1973-12-31,1812.0
146,1974-12-31,1999.0
146,1975-12-31,2180.0
146,1976-12-31,2317.0
146,1977-12-31,2523.0
146,1978-12-31,2701.0
146,1979-12-31,2952.0
146,1980-12-31,3165.0
146,1981-12-31,3385.99
146,1982-12-31,3637.99
146,1983-12-31,4012.99
146,1984-12-31,4452.99
146,1985-12-31,5342.99
146,1986-12-31,5378.99
147,1968-12-31,331.0
147,1969-12-31,376.0
147,1970-12-31,494.0
147,1971-12-31,630.0
147,1972-12-31,645.0
147,1973-12-31,639.0
147,1974-12-31,634.0
147,1975-12-31,616.0
147,1976-12-31,686.0
147,1977-12-31,661.0
147,1978-12-31,750.0
147,1979-12-31,829.0
147,1980-12-31,891.0
147,1981-12-31,944.0
147,1982-12-31,1210.0
147,1983-12-31,1271.0
147,1984-12-31,1327.0
147,1985-12-31,1466.0
147,1986-12-31,1585.0
148,1968-12-31,469.0
148,1969-12-31,511.0
148,1970-12-31,564.0
148,1971-12-31,597.0
148,1972-12-31,655.0
148,1973-12-31,777.0
148,1974-12-31,896.0
148,1975-12-31,979.0
148,1976-12-31,1048.0
148,1977-12-31,1113.0
148,1978-12-31,1227.0
148,1979-12-31,1422.0
148,1980-12-31,1549.0
148,1981-12-31,1568.0
148,1982-12-31,1849.0
148,1983-12-31,1981.0
148,1984-12-31,2062.99
148,1985-12-31,2380.99
148,1986-12-31,2437.99
149,1968-12-31,900.0
149,1969-12-31,1002.0
149,1970-12-31,1048.0
149,1971-12-31,1132.0
149,1972-12-31,1252.0
149,1973-12-31,1413.0
149,1974-12-31,1573.0
149,1975-12-31,1786.0
149,1976-12-31,1858.0
149,1977-12-31,1962.0
149,1978-12-31,2143.0
149,1979-12-31,2368.0
149,1980-12-31,2291.0
149,1981-12-31,2403.99
149,1982-12-31,2794.99
149,1983-12-31,3050.99
149,1984-12-31,3316.99
149,1985-12-31,3514.99
149,1986-12-31,3774.99
150,1968-12-31,1552.0
150,1969-12-31,1418.0
150,1970-12-31,1394.0
150,1971-12-31,1450.0
150,1972-12-31,1561.0
150,1973-12-31,1673.0
150,1974-12-31,1726.0
150,1975-12-31,1772.0
150,1976-12-31,1790.0
150,1977-12-31,1884.0
150,1978-12-31,2016.0
150,1979-12-31,2060.0
150,1980-12-31,2045.0
150,1981-12-31,2123.99
150,1982-12-31,2205.99
150,1983-12-31,2292.99
150,1984-12-31,2301.99
150,1985-12-31,2297.99
150,1986-12-31,2366.99
151,1971-12-31,159.0
151,1972-12-31,110.0
151,1973-12-31,80.0
151,1974-12-31,95.0
151,1975-12-31,141.0
151,1976-12-31,130.0
151,1977-12-31,111.0
151,1978-12-31,98.0
151,1979-12-31,97.0
151,1980-12-31,98.0
151,1981-12-31,142.0
151,1982-12-31,148.0
151,1983-12-31,196.0
151,1984-12-31,254.0
151,1985-12-31,223.0
151,1986-12-31,262.0
151,1987-12-31,337.0
152,1865-12-31,30450.0
152,1866-12-31,30700.0
152,1867-12-31,30940.0
152,1868-12-31,31190.0
152,1869-12-31,31410.0
152,1870-12-31,31600.0
152,1871-12-31,31800.0
152,1872-12-31,32000.0
152,1873-12-31,32280.0
152,1874-12-31,32370.0
152,1875-12-31,32570.0
152,1876-12-31,32730.0
152,1877-12-31,32890.0
152,1878-12-31,33070.0
152,1879-12-31,33260.0
152,1880-12-31,33540.0
152,1881-12-31,33690.0
152,1882-12-31,33790.0
152,1883-12-31,33940.0
152,1884-12-31,34080.0
152,1885-12-31,34230.0
152,1886-12-31,34450.0
152,1887-12-31,34660.0
152,1888-12-31,34900.0
152,1889-12-31,35160.0
152,1890-12-31,35400.0
152,1891-12-31,35470.0
152,1892-12-31,35520.0
152,1893-12-31,35550.0
152,1894-12-31,35630.0
152,1895-12-31,35800.0
152,1896-12-31,35950.0
152,1897-12-31,36070.0
152,1898-12-31,36230.0
152,1899-12-31,36080.0
152,1900-12-31,36190.0
152,1901-12-31,36300.0
152,1902-12-31,36340.0
152,1903-12-31,36500.0
152,1904-12-31,36509.9
152,1905-12-31,37389.9
152,1906-12-31,37519.9
152,1907-12-31,37709.9
152,1908-12-31,37859.9
152,1909-12-31,38019.9
153,1865-12-31,223.0
153,1866-12-31,236.0
153,1867-12-31,262.0
153,1868-12-31,238.0
153,1869-12-31,243.0
153,1870-12-31,247.0
153,1871-12-31,256.0
153,1872-12-31,246.0
153,1873-12-31,251.0
153,1874-12-31,270.0
153,1875-12-31,246.0
153,1876-12-31,242.0
153,1877-12-31,264.0
153,1878-12-31,271.0
153,1879-12-31,276.0
153,1880-12-31,274.0
153,1881-12-31,267.0
153,1882-12-31,273.0
153,1883-12-31,267.0
153,1884-12-31,283.0
153,1885-12-31,282.0
153,1886-12-31,281.0
153,1887-12-31,285.0
153,1888-12-31,280.0
153,1889-12-31,283.0
153,1890-12-31,268.0
153,1891-12-31,250.0
153,1892-12-31,294.0
153,1893-12-31,279.0
153,1894-12-31,298.0
153,1895-12-31,287.0
153,1896-12-31,281.0
153,1897-12-31,281.0
153,1898-12-31,271.0
153,1899-12-31,283.0
153,1900-12-31,284.0
153,1901-12-31,290.0
153,1902-12-31,307.0
153,1903-12-31,298.0
153,1904-12-31,289.0
153,1905-12-31,305.0
153,1906-12-31,304.0
153,1907-12-31,301.0
153,1908-12-31,300.0
153,1909-12-31,299.0
154,1973-12-31,2067.0
154,1974-12-31,2261.0
154,1975-12-31,2102.0
154,1976-12-31,1590.0
154,1977-12-31,1768.0
154,1978-12-31,2246.0
154,1979-12-31,1602.0
154,1980-12-31,2074.0
154,1981-12-31,1546.0
154,1982-12-31,1289.0
154,1983-12-31,1374.0
154,1984-12-31,1210.0
154,1985-12-31,1306.0
154,1986-12-31,1010.0
154,1987-12-31,1171.0
155,1865-12-31,498.0
155,1866-12-31,501.0
155,1867-12-31,496.0
155,1868-12-31,508.0
155,1869-12-31,503.0
155,1870-12-31,511.0
155,1871-12-31,505.0
155,1872-12-31,502.0
155,1873-12-31,496.0
155,1874-12-31,497.0
155,1875-12-31,509.0
155,1876-12-31,483.0
155,1877-12-31,501.0
155,1878-12-31,509.0
155,1879-12-31,512.0
155,1880-12-31,505.0
155,1881-12-31,486.0
155,1882-12-31,496.0
155,1883-12-31,493.0
155,1884-12-31,489.0
155,1885-12-31,503.0
155,1886-12-31,506.0
155,1887-12-31,503.0
155,1888-12-31,492.0
155,1889-12-31,505.0
155,1890-12-31,496.0
155,1891-12-31,461.0
155,1892-12-31,482.0
155,1893-12-31,506.0
155,1894-12-31,490.0
155,1895-12-31,496.0
155,1896-12-31,495.0
155,1897-12-31,482.0
155,1898-12-31,474.0
155,1899-12-31,463.0
155,1900-12-31,488.0
155,1901-12-31,482.0
155,1902-12-31,496.0
155,1903-12-31,522.0
155,1904-12-31,490.0
155,1905-12-31,515.0
155,1906-12-31,510.0
155,1907-12-31,519.0
155,1908-12-31,516.0
155,1909-12-31,515.0
156,1865-12-31,372.0
156,1866-12-31,392.0
156,1867-12-31,376.0
156,1868-12-31,386.0
156,1869-12-31,401.0
156,1870-12-31,421.0
156,1871-12-31,400.0
156,1872-12-31,422.0
156,1873-12-31,405.0
156,1874-12-31,407.0
156,1875-12-31,405.0
156,1876-12-31,466.0
156,1877-12-31,409.0
156,1878-12-31,462.0
156,1879-12-31,415.0
156,1880-12-31,377.0
156,1881-12-31,425.0
156,1882-12-31,411.0
156,1883-12-31,386.0
156,1884-12-31,406.0
156,1885-12-31,404.0
156,1886-12-31,417.0
156,1887-12-31,400.0
156,1888-12-31,384.0
156,1889-12-31,370.0
156,1890-12-31,411.0
156,1891-12-31,425.0
156,1892-12-31,420.0
156,1893-12-31,488.0
156,1894-12-31,382.0
156,1895-12-31,398.0
156,1896-12-31,406.0
156,1897-12-31,397.0
156,1898-12-31,498.0
156,1899-12-31,487.0
156,1900-12-31,425.0
156,1901-12-31,428.0
156,1902-12-31,432.0
156,1903-12-31,492.0
156,1904-12-31,393.0
156,1905-12-31,436.0
156,1906-12-31,409.0
156,1907-12-31,426.0
156,1908-12-31,435.0
156,1909-12-31,468.0
157,1865-12-31,369.0
157,1866-12-31,385.0
157,1867-12-31,367.0
157,1868-12-31,378.0
157,1869-12-31,399.0
157,1870-12-31,417.0
157,1871-12-31,392.0
157,1872-12-31,415.0
157,1873-12-31,398.0
157,1874-12-31,401.0
157,1875-12-31,396.0
157,1876-12-31,468.0
157,1877-12-31,403.0
157,1878-12-31,456.0
157,1879-12-31,402.0
157,1880-12-31,371.0
157,1881-12-31,428.0
157,1882-12-31,407.0
157,1883-12-31,386.0
157,1884-12-31,403.0
157,1885-12-31,391.0
157,1886-12-31,409.0
157,1887-12-31,399.0
157,1888-12-31,384.0
157,1889-12-31,372.0
157,1890-12-31,410.0
157,1891-12-31,424.0
157,1892-12-31,417.0
157,1893-12-31,485.0
157,1894-12-31,380.0
157,1895-12-31,401.0
157,1896-12-31,405.0
157,1897-12-31,399.0
157,1898-12-31,495.0
157,1899-12-31,451.0
157,1900-12-31,412.0
157,1901-12-31,431.0
157,1902-12-31,443.0
157,1903-12-31,487.0
157,1904-12-31,388.0
157,1905-12-31,431.0
157,1906-12-31,404.0
157,1907-12-31,421.0
157,1908-12-31,426.0
157,1909-12-31,454.0
158,1865-12-31,741.0
158,1866-12-31,777.0
158,1867-12-31,743.0
158,1868-12-31,764.0
158,1869-12-31,800.0
158,1870-12-31,838.0
158,1871-12-31,792.0
158,1872-12-31,837.0
158,1873-12-31,803.0
158,1874-12-31,808.0
158,1875-12-31,801.0
158,1876-12-31,934.0
158,1877-12-31,812.0
158,1878-12-31,918.0
158,1879-12-31,817.0
158,1880-12-31,748.0
158,1881-12-31,858.0
158,1882-12-31,818.0
158,1883-12-31,772.0
158,1884-12-31,809.0
158,1885-12-31,795.0
158,1886-12-31,826.0
158,1887-12-31,799.0
158,1888-12-31,768.0
158,1889-12-31,742.0
158,1890-12-31,821.0
158,1891-12-31,849.0
158,1892-12-31,837.0
158,1893-12-31,973.0
158,1894-12-31,762.0
158,1895-12-31,799.0
158,1896-12-31,811.0
158,1897-12-31,796.0
158,1898-12-31,993.0
158,1899-12-31,938.0
158,1900-12-31,837.0
158,1901-12-31,859.0
158,1902-12-31,874.0
158,1903-12-31,979.0
158,1904-12-31,782.0
158,1905-12-31,867.0
158,1906-12-31,813.0
158,1907-12-31,847.0
158,1908-12-31,860.0
158,1909-12-31,922.0
159,1865-12-31,897.0
159,1866-12-31,903.0
159,1867-12-31,894.0
159,1868-12-31,913.0
159,1869-12-31,904.0
159,1870-12-31,920.0
159,1871-12-31,909.0
159,1872-12-31,906.0
159,1873-12-31,896.0
159,1874-12-31,899.0
159,1875-12-31,916.0
159,1876-12-31,870.0
159,1877-12-31,899.0
159,1878-12-31,913.0
159,1879-12-31,919.0
159,1880-12-31,906.0
159,1881-12-31,874.0
159,1882-12-31,892.0
159,1883-12-31,888.0
159,1884-12-31,881.0
159,1885-12-31,906.0
159,1886-12-31,913.0
159,1887-12-31,909.0
159,1888-12-31,890.0
159,1889-12-31,914.0
159,1890-12-31,897.0
159,1891-12-31,838.0
159,1892-12-31,873.0
159,1893-12-31,916.0
159,1894-12-31,884.0
159,1895-12-31,901.0
159,1896-12-31,895.0
159,1897-12-31,869.0
159,1898-12-31,853.0
159,1899-12-31,838.0
159,1900-12-31,884.0
159,1901-12-31,870.0
159,1902-12-31,895.0
159,1903-12-31,937.0
159,1904-12-31,888.0
159,1905-12-31,928.0
159,1906-12-31,921.0
159,1907-12-31,936.0
159,1908-12-31,930.0
159,1909-12-31,929.0
160,1865-12-31,965.0
160,1866-12-31,973.0
160,1867-12-31,963.0
160,1868-12-31,984.0
160,1869-12-31,973.0
160,1870-12-31,992.0
160,1871-12-31,980.0
160,1872-12-31,977.0
160,1873-12-31,965.0
160,1874-12-31,968.0
160,1875-12-31,987.0
160,1876-12-31,937.0
160,1877-12-31,970.0
160,1878-12-31,987.0
160,1879-12-31,994.0
160,1880-12-31,980.0
160,1881-12-31,944.0
160,1882-12-31,963.0
160,1883-12-31,958.0
160,1884-12-31,952.0
160,1885-12-31,977.0
160,1886-12-31,983.0
160,1887-12-31,978.0
160,1888-12-31,959.0
160,1889-12-31,983.0
160,1890-12-31,966.0
160,1891-12-31,902.0
160,1892-12-31,940.0
160,1893-12-31,986.0
160,1894-12-31,954.0
160,1895-12-31,971.0
160,1896-12-31,965.0
160,1897-12-31,937.0
160,1898-12-31,923.0
160,1899-12-31,902.0
160,1900-12-31,952.0
160,1901-12-31,941.0
160,1902-12-31,969.0
160,1903-12-31,1018.0
160,1904-12-31,957.0
160,1905-12-31,1005.0
160,1906-12-31,995.0
160,1907-12-31,1013.0
160,1908-12-31,1006.0
160,1909-12-31,1005.0
161,1976-12-31,2822.0
161,1977-12-31,2859.0
161,1978-12-31,4602.0
161,1979-12-31,3740.0
161,1980-12-31,3852.0
161,1981-12-31,4714.0
161,1982-12-31,3911.0
161,1983-12-31,4070.0
161,1984-12-31,3786.0
161,1985-12-31,3366.0
161,1986-12-31,2875.0
161,1987-12-31,3628.0
161,1988-12-31,2817.0
161,1989-12-31,2831.0
161,1990-12-31,4088.0
161,1991-12-31,4992.99
161,1992-12-31,4839.99
161,1993-12-31,4303.99
161,1994-12-31,5379.99
161,1995-12-31,7829.98
161,1996-12-31,7654.98
162,1976-12-31,40.9
162,1977-12-31,40.5
162,1978-12-31,40.1
162,1979-12-31,40.0
162,1980-12-31,40.0
162,1981-12-31,40.1
162,1982-12-31,40.1
162,1983-12-31,40.1
162,1984-12-31,39.7
162,1985-12-31,40.2
162,1986-12-31,40.7
162,1987-12-31,38.0
162,1988-12-31,37.8
162,1989-12-31,37.7
162,1990-12-31,37.1
162,1991-12-31,37.0
162,1992-12-31,37.1
162,1993-12-31,37.1
162,1994-12-31,36.6
162,1995-12-31,36.1
162,1996-12-31,36.4
163,1976-12-31,40.4
163,1977-12-31,39.8
163,1978-12-31,39.2
163,1979-12-31,40.3
163,1980-12-31,39.7
163,1981-12-31,39.8
163,1982-12-31,40.4
163,1983-12-31,40.5
163,1984-12-31,40.7
163,1985-12-31,41.2
163,1986-12-31,41.6
163,1987-12-31,40.6
163,1988-12-31,40.7
163,1989-12-31,40.6
163,1990-12-31,39.8
163,1991-12-31,39.9
163,1992-12-31,40.6
163,1993-12-31,40.7
163,1994-12-31,40.0
163,1995-12-31,39.4
163,1996-12-31,40.4
164,1975-12-31,1305.0
164,1976-12-31,2219.0
164,1977-12-31,1922.0
164,1978-12-31,1029.0
164,1979-12-31,980.0
164,1980-12-31,1019.0
164,1981-12-31,2035.0
164,1982-12-31,1580.0
164,1983-12-31,1442.0
164,1984-12-31,1541.0
164,1985-12-31,2681.0
164,1986-12-31,2022.0
164,1987-12-31,2060.0
164,1988-12-31,2518.0
164,1989-12-31,2016.0
164,1990-12-31,1971.0
164,1991-12-31,1718.0
164,1992-12-31,1435.0
164,1993-12-31,1120.0
164,1994-12-31,1060.0
164,1995-12-31,993.0
164,1996-12-31,963.0
164,1997-12-31,1636.0
164,1998-12-31,2085.99
164,1999-12-31,1928.0
164,2000-12-31,1594.0
164,2001-12-31,1918.0
164,2002-12-31,3427.99
165,1967-12-31,24.7
165,1968-12-31,25.0
165,1969-12-31,24.7
165,1970-12-31,24.9
165,1971-12-31,25.0
165,1972-12-31,24.3
165,1973-12-31,24.1
165,1974-12-31,23.7
165,1975-12-31,23.2
165,1976-12-31,22.4
165,1977-12-31,21.7
165,1978-12-31,21.0
165,1979-12-31,19.4
165,1980-12-31,18.4
165,1981-12-31,17.9
166,1967-12-31,9.6
166,1968-12-31,9.2
166,1969-12-31,9.3
166,1970-12-31,9.3
166,1971-12-31,9.6
166,1972-12-31,9.5
166,1973-12-31,9.4
166,1974-12-31,9.5
166,1975-12-31,9.3
166,1976-12-31,9.5
166,1977-12-31,9.6
166,1978-12-31,9.4
166,1979-12-31,9.4
166,1980-12-31,9.5
166,1981-12-31,9.4
167,1968-12-31,398464.0
167,1969-12-31,386768.0
167,1970-12-31,382665.0
167,1971-12-31,393754.0
167,1972-12-31,391853.0
167,1973-12-31,380813.0
167,1974-12-31,378902.0
167,1975-12-31,383888.0
167,1976-12-31,382734.0
167,1977-12-31,369788.0
167,1978-12-31,396378.0
167,1979-12-31,393000.0
167,1980-12-31,414000.0
167,1981-12-31,413000.0
167,1982-12-31,427999.0
167,1983-12-31,449999.0
167,1984-12-31,478999.0
167,1985-12-31,498999.0
167,1986-12-31,522999.0
167,1987-12-31,431017.0
168,1970-12-31,2.47
168,1971-12-31,2.35
168,1972-12-31,2.3
168,1973-12-31,2.28
168,1974-12-31,2.24
168,1975-12-31,2.12
168,1976-12-31,2.24
168,1977-12-31,2.18
168,1978-12-31,2.26
168,1979-12-31,2.22
168,1980-12-31,2.27
168,1981-12-31,2.35
168,1982-12-31,2.47
168,1983-12-31,2.54
168,1984-12-31,2.64
168,1985-12-31,2.16
168,1986-12-31,3.17
168,1987-12-31,3.51
169,1968-12-31,1586570.0
169,1969-12-31,1674530.0
169,1970-12-31,1602380.0
169,1971-12-31,1547070.0
169,1972-12-31,1553470.0
169,1973-12-31,1479250.0
169,1974-12-31,1538350.0
169,1975-12-31,1591980.0
169,1976-12-31,1524580.0
169,1977-12-31,1457340.0
169,1978-12-31,1498960.0
169,1979-12-31,1523380.0
169,1980-12-31,1547940.0
169,1981-12-31,1577360.0
169,1982-12-31,1654000.0
169,1983-12-31,1724690.0
169,1984-12-31,1800200.0
169,1985-12-31,1857290.0
169,1986-12-31,1913000.0
169,1987-12-31,2058990.0
170,1975-12-31,393.0
170,1976-12-31,414.0
170,1977-12-31,413.0
170,1978-12-31,428.0
170,1979-12-31,450.0
170,1980-12-31,479.0
170,1981-12-31,499.0
170,1982-12-31,523.0
170,1983-12-31,584.0
170,1984-12-31,639.0
170,1985-12-31,708.0
170,1986-12-31,773.0
170,1987-12-31,845.0
170,1988-12-31,915.0
170,1989-12-31,977.0
170,1990-12-31,1026.0
171,1971-12-31,24152.0
171,1972-12-31,24217.0
171,1973-12-31,24317.0
171,1974-12-31,24401.0
171,1975-12-31,24510.0
171,1976-12-31,24645.0
171,1977-12-31,24779.0
171,1978-12-31,24889.0
171,1979-12-31,25044.0
171,1980-12-31,25272.0
171,1981-12-31,25534.0
171,1982-12-31,25854.0
171,1983-12-31,26038.0
171,1984-12-31,26254.0
171,1985-12-31,26441.0
171,1986-12-31,26601.9
171,1987-12-31,26667.9
171,1988-12-31,26860.9
171,1989-12-31,26992.9
171,1990-12-31,27082.9
171,1991-12-31,26982.9
172,1966-12-31,418.0
172,1967-12-31,453.0
172,1968-12-31,410.0
172,1969-12-31,492.0
172,1970-12-31,528.0
172,1971-12-31,466.0
172,1972-12-31,440.0
172,1973-12-31,421.0
172,1974-12-31,410.0
172,1975-12-31,407.0
172,1976-12-31,414.0
172,1977-12-31,409.0
172,1978-12-31,406.0
172,1979-12-31,424.0
172,1980-12-31,438.0
172,1981-12-31,448.0
172,1982-12-31,453.0
172,1983-12-31,473.0
172,1984-12-31,487.0
172,1985-12-31,503.0
172,1986-12-31,508.0
172,1987-12-31,522.0
172,1988-12-31,513.0
172,1989-12-31,504.0
173,1966-12-31,393.0
173,1967-12-31,425.0
173,1968-12-31,386.0
173,1969-12-31,464.0
173,1970-12-31,498.0
173,1971-12-31,439.0
173,1972-12-31,415.0
173,1973-12-31,397.0
173,1974-12-31,387.0
173,1975-12-31,386.0
173,1976-12-31,390.0
173,1977-12-31,386.0
173,1978-12-31,383.0
173,1979-12-31,401.0
173,1980-12-31,413.0
173,1981-12-31,423.0
173,1982-12-31,426.0
173,1983-12-31,446.0
173,1984-12-31,458.0
173,1985-12-31,473.0
173,1986-12-31,482.0
173,1987-12-31,492.0
173,1988-12-31,485.0
173,1989-12-31,476.0
174,1974-12-31,307198.0
174,1975-12-31,305958.0
174,1976-12-31,310322.0
174,1977-12-31,310311.0
174,1978-12-31,308746.0
174,1979-12-31,322023.0
174,1980-12-31,325783.0
174,1981-12-31,334842.0
174,1982-12-31,314573.0
174,1983-12-31,323083.0
174,1984-12-31,329757.0
174,1985-12-31,315461.0
174,1986-12-31,333594.0
174,1987-12-31,337798.0
174,1988-12-31,334352.0
174,1989-12-31,328536.0
174,1990-12-31,342604.0
174,1991-12-31,338787.0
174,1992-12-31,337262.0
175,1971-12-31,26139.0
175,1972-12-31,26214.0
175,1973-12-31,26276.0
175,1974-12-31,26364.0
175,1975-12-31,26436.0
175,1976-12-31,26539.0
175,1977-12-31,26651.0
175,1978-12-31,26764.0
175,1979-12-31,26912.0
175,1980-12-31,27100.0
175,1981-12-31,27282.0
175,1982-12-31,27487.0
175,1983-12-31,27640.0
175,1984-12-31,27811.0
175,1985-12-31,27995.0
175,1986-12-31,28141.9
175,1987-12-31,28301.9
175,1988-12-31,28434.9
175,1989-12-31,28554.9
175,1990-12-31,28642.9
175,1991-12-31,28582.9
176,1974-12-31,290783.0
176,1975-12-31,285242.0
176,1976-12-31,293718.0
176,1977-12-31,295804.0
176,1978-12-31,294582.0
176,1979-12-31,309765.0
176,1980-12-31,310268.0
176,1981-12-31,319446.0
176,1982-12-31,296557.0
176,1983-12-31,304715.0
176,1984-12-31,313997.0
176,1985-12-31,301249.0
176,1986-12-31,322404.0
176,1987-12-31,321736.0
176,1988-12-31,321028.0
176,1989-12-31,316540.0
176,1990-12-31,331332.0
176,1991-12-31,330903.0
176,1992-12-31,330095.0
177,1973-12-31,11693.0
177,1974-12-31,11702.0
177,1975-12-31,11703.0
177,1976-12-31,11557.0
177,1977-12-31,11951.0
177,1978-12-31,12048.0
177,1979-12-31,12705.0
177,1980-12-31,12408.0
177,1981-12-31,11989.0
177,1982-12-31,11325.0
177,1983-12-31,11105.0
177,1984-12-31,10254.0
177,1985-12-31,10319.0
177,1986-12-31,9893.97
177,1987-12-31,9712.97
177,1988-12-31,9365.98
177,1989-12-31,8392.98
177,1990-12-31,7782.98
178,1973-12-31,8438.0
178,1974-12-31,8689.0
178,1975-12-31,8590.0
178,1976-12-31,8763.0
178,1977-12-31,8710.0
178,1978-12-31,8837.0
178,1979-12-31,9114.0
178,1980-12-31,9160.0
178,1981-12-31,8868.0
178,1982-12-31,8246.0
178,1983-12-31,8129.0
178,1984-12-31,7821.0
178,1985-12-31,7428.98
178,1986-12-31,7187.98
178,1987-12-31,7001.98
178,1988-12-31,6797.98
178,1989-12-31,6197.98
178,1990-12-31,5645.99
179,1975-12-31,55.91
179,1976-12-31,54.7
179,1977-12-31,55.3
179,1978-12-31,55.75
179,1979-12-31,55.46
179,1980-12-31,55.37
179,1981-12-31,53.82
179,1982-12-31,55.11
179,1983-12-31,56.05
179,1984-12-31,55.68
179,1985-12-31,54.18
179,1986-12-31,54.82
179,1987-12-31,54.95
179,1988-12-31,54.18
179,1989-12-31,54.24
179,1990-12-31,54.14
179,1991-12-31,54.47
179,1992-12-31,54.99
179,1993-12-31,55.55
179,1994-12-31,55.79
179,1995-12-31,56.0
179,1996-12-31,56.49
179,1997-12-31,56.1
179,1998-12-31,55.47
179,1999-12-31,56.03
179,2000-12-31,56.93
179,2001-12-31,56.97
179,2002-12-31,55.24
180,1975-12-31,564.0
180,1976-12-31,841.0
180,1977-12-31,854.0
180,1978-12-31,689.0
180,1979-12-31,559.0
180,1980-12-31,510.0
180,1981-12-31,997.0
180,1982-12-31,823.0
180,1983-12-31,832.0
180,1984-12-31,821.0
180,1985-12-31,1242.0
180,1986-12-31,1063.0
180,1987-12-31,1080.0
180,1988-12-31,1368.0
180,1989-12-31,1175.0
180,1990-12-31,1216.0
180,1991-12-31,1195.0
180,1992-12-31,1056.0
180,1993-12-31,921.0
180,1994-12-31,1078.0
180,1995-12-31,985.0
180,1996-12-31,1016.0
180,1997-12-31,1347.0
180,1998-12-31,1650.0
180,1999-12-31,1610.0
180,2000-12-31,1486.0
180,2001-12-31,1748.0
180,2002-12-31,1649.0
